39139;Вино ігр. "Inkerman" біл. н/сол. 0,75;Инкерман Шамп.;49,32;46,85;4;125;0,75;6;1,72;0
39601;Коника  Токай  Масандра  0.75;Массандра(сувенир.);148;140,6;4;103;0,75;12;1,55;0
21961;Віскі  Гленфідіш  0.7 15 років в тубусі;Грантс ТМ;865,55;822,27;4;125;0,75;1;1,23;0
24802;Віскі  Тюлламор дью 0,05;Грантс ТМ;52,21;49,6;4;125;0,05;10;0,1;0
40831;Пиво Діжка медового світле 1,42 Полтава;Полтава Пиво;18,5;17,58;4;103;1,42;6;1,45;0
21959;Віскі  Гленфідіш  0.7 12 років в тубусі;Грантс ТМ;608,93;578,48;4;125;0,75;1;1,23;0
33262;Коньяк  "Jatone" 5 лет 0,25;Таврия Премиум ТМ;45,31;43,04;4;103;0,25;16;0,25;0
35952;Вино Рислінг Інкерман 0.75  WMS;Инкерман WMS;39,07;37,12;4;103;0,75;12;1,25;0
39142;Вино ігр. "Inkerman" біл. брют  0,75;Инкерман Шамп.;49,32;46,85;4;103;0,75;6;1,7;0
19868;Вино Габріелла десертне 0.7 ( нов.);Чизай;34;32,3;4;103;0,7;12;1,23;0
6223;Вино Каберне  Качинське  0.75 Інкерман;Инкерман;59,84;56,85;4;103;0,75;12;1,25;0
33261;Коньяк  "Jatone" 5 лет 0,5;Таврия Премиум ТМ;82,36;78,24;4;103;0,5;12;0,5;0
33225;Гато Негро "Розе Каберне-Совіньон" рож.сух. 0,75;Гато Негро ТМ;138,6;131,67;4;103;0,75;6;1,25;0
40568;Віскі  Grant's Family Reserve 1,0;Грантс ТМ;313,84;298,15;4;103;1;12;1,62;0
37111;Горілка Зелений день Кленова 0.7;Зеленый день ТМ;69,6;66,12;4;103;0,7;12;1,3;0
40351;Віскі  Гленфідіш  0.05 сув 12 років;Грантс ТМ;60,37;57,35;4;125;0,05;1;1;0
11548;Вино Кагор  Український 0.75 Інкерман;Инкерман;41,65;39,57;4;103;0,75;12;1,23;0
35953;Вино Мускат Інкерман 0.75  WMS;Инкерман WMS;42,56;40,43;4;103;0,75;1;1,27;0
39743;Віскі  Grant's Sherry Cask 0,7;Грантс ТМ;259,32;246,35;4;103;0,7;12;1,11;0
28655;Вино Перлина  Інкерману 0.75 G. Reserv;Инкерман G.Reserv;85,04;80,79;4;125;0,75;1;1,25;0
35951;Вино Шардоне Інкерман 0.75  WMS;Инкерман WMS;39,07;37,12;4;103;0,75;1;1,27;0
33580;Алазанская  Долина красн. п/сл. 0.75;Сердце Кахетии ТМ;146;138,7;4;103;0,75;6;1,38;0
39579;Вино Мерло черв сух 0,75 Конвенто В'єхо;Бушон ТМ;112,9;107,26;4;103;0,75;12;1,15;0
38567;Вино Піно Нуар Інкерман 0,75 WMS;Инкерман WMS;42,56;40,43;4;103;0,75;12;1,25;0
28774;Вино Піно Нуар Кримський 0.75 Інкерман;Инкерман М.В.;27,87;26,48;4;125;0,75;12;1,23;0
39743;Віскі  Grant's Sherry Cask 0,7;Грантс ТМ;259,32;246,35;4;125;0,7;12;1,11;0
39575;Віскі  Grant's Family Reserve 0,05 сув.;Грантс ТМ;26,21;24,9;4;125;0,05;1;0,14;0
22166;Портвейн Бел. Крым. 0.7 1975г.;МассандраКолл.;484;459,8;4;103;0,7;1;1,45;0
27412;С.В. Зелена Марка  Кедрова 0.7;С.- Виктан;68,99;65,54;4;103;0,7;1;1,12;0
23207;Вино Мерло - Каберне чер. сух. 0.75 Інкерман;Инкерман;36,39;34,57;4;103;0,7;12;1,3;0
32207;1,5 Вода мін."Знаменівська" газ.;Биола мин.вода ТМ;5,5;5,23;4;103;1,5;6;1,55;0
38135;Напій б/а Тьотя Груша 1,5;Полтава Пиво;7,85;7,46;4;103;1,5;6;1,635;0
26267;Мускат роз. дес. 0.7 1983г.;МассандраКолл.;675;641,25;4;103;0,7;1;1,43;0
40257;Віскі  Grant's Family Reserve 0,2;Грантс ТМ;76,49;72,67;4;125;0,2;1;1;0
39049;Горілка "Хлебников Классическая" 0,5;Дикая Утка ТМ;48,4;45,98;4;103;0,5;20;0,85;0
17178;Арм. к- як 3 зір. 0.7 в короб;Грейт Велли;244;231,8;4;103;0,7;12;1,12;0
18705;Лікер  Бейліс  0.2;Ликеры;96;91,2;4;103;0,2;12;0,48;0
15876;К.  "Alexx  Silver"  0.375  в тубусі;Таврия Премиум ТМ;108,36;102,94;4;103;0,375;12;0,56;0
39720;К-як Укр.орд. 3 зв 0,5 ТЗЯ;Традиции Кач. к- к;59,1;59,01;4;103;0,5;12;0,95;0
23382;Вино Лідія  дес. рож 0.7;Чизай;33,5;31,83;4;103;0,7;12;1,23;0
39754;Мартіні  Брют  ігр. 0.75;Мартини Асти;214,5;203,78;4;103;0,75;6;1,55;0
22902;К.  Каховка  Люкс XO  0.5  б/тубуса;Таврия Премиум ТМ;159,99;151,99;4;103;0,5;9;0,9;0
16573;Портвейн красн. Ливадия 0.7 1985г.;МассандраКолл.;544;516,8;4;103;0,7;1;1,23;0
39139;Вино ігр. "Inkerman" біл. н/сол. 0,75;Инкерман Шамп.;49,32;46,85;4;103;0,75;6;1,72;0
15685;К.  "Alexx  Gold"  0.375  в тубусі;Таврия Премиум ТМ;138,71;131,77;4;103;0,375;12;0,46;0
27174;Портвейн Бел. Сурож 0.7 1975г.;МассандраКолл.;484;459,8;4;103;0,7;1;1,12;0
40359;Віскі  Grant's Family Reserve 0,7 в туб;Грантс ТМ;233,5;221,83;4;103;0,7;1;1,3;0
28386;Горілка Царска 0,7;Луга Нова (Монархия);39,9;37,91;4;103;0,7;12;1,12;0
35948;Вино Каберне Інкерман 0.75  WMS;Инкерман WMS;44,66;42,43;4;103;0,75;12;1,25;0
40470;В/п Аквілея 0,5 газ;Аквилея ТМ;2,38;2,26;4;103;0,5;12;0,55;0
28656;Вино Каберне  Качинське  0.75  G. Reserv;Инкерман G.Reserv;94,23;89,52;4;103;0,75;1;1,25;0
31436;Севастополь біл. міцне 0.75 Інкерман;Инкерман;95,64;90,86;4;103;0,75;12;1,25;0
38146;Вино Мускат н/сол. 0,75л;Боставан ТМ;62,79;59,65;4;103;0,75;1;1,27;0
5810;Вино Аліготе  Кримське 0.75 Інкерман;Инкерман;37,39;35,52;4;103;0,75;12;1,25;0
39140;Вино ігр. "Inkerman" муск. біл. н/сол. 0,75;Инкерман Шамп.;49,32;46,85;4;103;0,75;6;1,71;0
24803;Віскі  Тюлламор дью  0,7 в кор. + 2 склянки;Грантс ТМ;381,95;362,85;4;125;0,7;12;2;0
35946;Вино Буссо чер. н/сол 0.75  Інкерман;Инкерман М.В.;26,04;24,74;4;125;0,75;12;1,25;0
21965;Віскі  Гленфідіш  0.2 набір 3 пляшки;Грантс ТМ;234,43;222,71;4;125;0,6;1;1,12;0
39141;Вино ігр. "Inkerman" рожеве н/сол. 0,75;Инкерман Шамп.;49,32;46,85;4;125;0,75;6;1,71;0
33755;Віскі  Роял Матч 0,7;Виски;143,9;136,71;4;103;0,7;1;1,1;0
34775;Вазиани Мукузани кр. сух. 0.75;Укримпорт;139;132,05;4;103;0,75;1;1,35;0
32056;Вино Буссо рож. н/сол 0.75  Інкерман;Инкерман М.В.;26,04;24,74;4;125;0,75;12;1,25;0
21967;Віскі  Балвені  0.7 12 років в туб.;Грантс ТМ;885,63;841,35;4;103;0,7;6;1,42;0
39765;Віскі  Вільям Лоусон'з  1.0;Баккарди элит;237,9;226,01;4;103;1;12;1,47;0
41571;Горілка Люботин "Винищувач" 1,0л;Люботин Премиум Сув.;219,99;208,99;4;103;1;1;2,15;0
12419;К.  "Alexx  Silver"  0.5  в тубусі;Таврия Премиум ТМ;125,71;119,42;4;103;0,5;6;0,83;0
4126;К.  Асканія  0.7  коллекц.;Таврия Премиум ТМ;593,71;564,02;4;103;0,7;6;1,12;0
21963;Віскі  Гленфідіш  0.75 21 років в тубусі;Грантс ТМ;2617,43;2486,56;4;125;0,75;12;1,25;0
38995;Коньяк "Маглив" 4* 0,25 ТМ Маглив;Маглив ТМ(коньяк);35,9;34,11;4;103;0,25;24;0,51;0
39616;Віскі  Тюлламор дью  0,5;Грантс ТМ;234,69;222,96;4;103;0,5;12;0,9;0
11722;Вино Перлина  Інкерману біл. 0.75  Інкерман;Инкерман;50,08;47,58;4;103;0,75;12;1,25;0
29301;Горілка Собєскі 0,5;Собески ТМ;48,8;46,36;4;103;0,5;12;0,834;0
40625;Вино BODEGA CAMPORROSO бел. сух. 0,75;Бодега ТМ;71,5;67,93;4;103;0,75;12;1,12;0
28773;Вино Совіньон Сортовий 0.75  Інкерман;Инкерман М.В.;26,21;24,9;4;125;0,75;12;1,25;0
15236;С.В. Медофф  Королівський 0.5;С.- Виктан;39,99;37,99;4;103;0,5;20;0,91;0
26557;Мадера  Массандра 0.7 1985г.;МассандраКолл.;544;516,8;4;103;0,7;1;1,12;0
18978;Вино Каберне Сортове 0.75  Інкерман;Инкерман М.В.;26,21;24,9;4;103;0,75;12;1,25;0
18985;Вино Гроно  Закарпат. 0.7 ( нов.);Чизай;30,8;29,26;4;103;0,7;12;1,23;0
39742;Віскі  Grant's Ale Cask 0,7;Грантс ТМ;259,32;246,35;4;103;0,7;12;1,11;0
29549;Вино Шато Руж 0.75 Інкерман;Инкерман М.В.;26,21;24,9;4;125;0,75;12;1,25;0
19285;Вино Ізабелла  дес. 0.7 ( нов.);Чизай;29,9;28,41;4;103;0,7;12;1,23;0
29536;Вино Шато Блан 0.75 Інкерман;Инкерман М.В.;26,21;24,9;4;125;0,75;12;1,25;0
34084;Віскі  Grant's Family Reserve 0,7;Грантс ТМ;233,5;221,83;4;125;0,7;1;1;0
39559;Віскі  Clan MacGregor 0,5;Грантс ТМ;104,95;99,7;4;103;0,5;1;0,89;0
39576;Віскі  Grant's Sherry Cask 0,05 сув.;Грантс ТМ;32,11;30,5;4;125;0,05;1;0,14;0
39636;Віскі  Тюлламор дью  0,7;Грантс ТМ;316,53;300,7;4;125;0,7;6;1;0
39575;Віскі  Grant's Family Reserve 0,05 сув.;Грантс ТМ;26,21;24,9;4;103;0,05;1;0,14;0
40824;Віскі  Grant's Family Reserve 0,7+2 бокала в мет кор;Грантс ТМ;233,5;221,83;4;103;0,7;1;2,1;0
39574;Віскі  Grant's Ale Cask 0,05 сув.;Грантс ТМ;32,11;30,5;4;103;0,05;1;0,14;0
39607;Віскі  Grant's Family Reserve 4,5 в кор.;Грантс ТМ;1650;1567,5;4;125;0,45;1;1;0
30687;Вино Столове  черв. Алушта 0.75 Мас.  ( А );Массандра (Алушта);82,43;78,31;4;103;0,75;12;1,25;0
39637;Віскі  Тюлламор дью  1,0;Грантс ТМ;423,82;402,63;4;125;1;12;1;0
39615;Віскі  Clan MacGregor 0,7;Грантс ТМ;145,05;137,8;4;103;0,7;12;1,08;0
26142;Вино Марічка черв. н/сол. 0.7;Чизай;24,3;23,09;4;103;0,7;12;1,23;0
11724;Вино Інкерман біл. н/сух. 0.75  Інкерман;Инкерман;38,56;36,63;4;103;0,75;12;1,23;0
11255;Вино Рубін  Херсонесу чер. сух. 0.75  Інкерман;Инкерман;37,39;35,52;4;103;0,75;12;1,25;0
37254;Напій вин."Наомі біла слива" 0.7;Таврия Премиум ТМ;36,4;34,58;4;103;0,7;12;1,25;0
28656;Вино Каберне  Качинське  0.75  G. Reserv;Инкерман G.Reserv;94,23;89,52;4;125;0,75;1;1,25;0
18446;К.  "Alexx  Silver"  0.5  б/тубуса;Таврия Премиум ТМ;117;111,15;4;103;0,5;6;0,83;0
34084;Віскі  Grant's Family Reserve 0,7;Грантс ТМ;233,5;221,83;4;103;0,7;1;1;0
18983;Вино Кадарка  н/сол. 0.7 ( нов.);Чизай;24,5;23,28;4;103;0,7;12;1,23;0
34663;Вино ігр."Cuvee reservr"  н/сл. 1,5;Столичный КЗШВ;184;174,8;4;103;1,5;1;3,47;0
33931;Армянский коньяк 3* 0,75  Мяч;Грейт Велли;139;132,05;4;103;0,75;6;1,5;0
18740;К.  "Alexx  Platinum"  0.375  в тубусі;Таврия Премиум ТМ;173,36;164,69;4;103;0,375;12;0,72;0
38416;Горілка "Дикая утка" 0,7;Дикая Утка ТМ;80,5;76,48;4;103;0,7;12;1,2;0
33378;С.В. Зелена Марка  Кедрова 0.25;С.- Виктан;26,99;25,64;4;103;0,25;1;1;0
40221;Водка Беларуская Гарэлка 0,2;Белорусия ТМ;22,4;21,28;4;103;0,2;20;0,41;0
39142;Вино ігр. "Inkerman" біл. брют  0,75;Инкерман Шамп.;49,32;46,85;4;125;0,75;6;1,7;0
41570;Горілка Люботин "Гелікоптер" 0,7л;Люботин Премиум Сув.;193;183,35;4;103;0,7;1;1,6;0
21960;Віскі  Гленфідіш  0.5 12 років в тубусі;Грантс ТМ;457,91;435,01;4;125;0,5;1;0,85;0
14119;К.  "Alexx  Gold"  0.5  в тубусі;Таврия Премиум ТМ;156;148,2;4;103;0,5;6;0,83;0
40568;Віскі  Grant's Family Reserve 1,0;Грантс ТМ;313,84;298,15;4;125;1;12;1,62;0
23640;Портвейн Бел. Сурож 0.7 1976г.;МассандраКолл.;484;459,8;4;103;0,7;1;1,23;0
17440;Алеатіко  Аю-Даг 0.75 Мас.;Массандра;115;109,25;4;103;0,75;12;1,366;0
37253;Напій вин."Наомі черв. слива" 0.7;Таврия Премиум ТМ;36,4;34,58;4;103;0,7;12;1,25;0
17595;Мускат бел. Ю.Б. 0.7 1973г.;МассандраКолл.;810;769,5;4;103;0,7;1;1,23;0
26385;Портвейн красн. Ливадия 0.7 1995г.;МассандраКолл.;424;402,8;4;103;0,7;1;1,4;0
26298;С.В. Зелена Марка  Кедрова 0.5;С.- Виктан;49,99;47,49;4;103;0,5;1;0,72;0
35947;Вино Мерло Інкерман 0.75  WMS;Инкерман WMS;44,66;42,43;4;103;0,75;12;1,27;0
25463;Портвейн Бел. Крым. 0.7 1984г.;МассандраКолл.;423;401,85;4;103;0,7;1;1,23;0
24803;Віскі  Тюлламор дью  0,7 в кор. + 2 склянки;Грантс ТМ;381,95;362,85;4;103;0,7;12;2;0
41236;2,0 Вода мін."Знаменівська" негаз.;Биола мин.вода ТМ;6,5;6,18;4;103;2;6;2,04;0
39141;Вино ігр. "Inkerman" рожеве н/сол. 0,75;Инкерман Шамп.;49,32;46,85;4;103;0,75;6;1,71;0
35946;Вино Буссо чер. н/сол 0.75  Інкерман;Инкерман М.В.;26,04;24,74;4;103;0,75;12;1,25;0
39574;Віскі  Grant's Ale Cask 0,05 сув.;Грантс ТМ;32,11;30,5;4;125;0,05;1;0,14;0
39558;Віскі  Grant's Family Reserve 0,5;Грантс ТМ;165,59;157,31;4;125;0,5;1;0,95;0
32056;Вино Буссо рож. н/сол 0.75  Інкерман;Инкерман М.В.;26,04;24,74;4;103;0,75;12;1,25;0
41213;Вино Кагор Закарпатський 0.75;Чизай Limited;64,5;61,28;4;103;0,75;6;1,25;0
28772;Вино Мускат Качинський 0.75 Інкерман;Инкерман М.В.;27,87;26,48;4;125;0,75;12;1,23;0
41419;Горілка"Президентський стандарт" 38% 0,75 в короб;Житомирский ЛВЗ;182,9;173,76;4;103;0,75;1;2,05;0
41405;5,0 Вода мін."Знаменівська" негаз.;Биола мин.вода ТМ;13,9;13,21;4;103;5;2;5,1;0
37987;Вино Піно Гріджио Інкерман  0.75  WMS;Инкерман WMS;39,07;37,12;4;103;0,75;12;1,25;0
27238;Вино Мерло Качинське чер. сух. 0.75  Інкерман;Инкерман;38,22;36,31;4;103;0,75;12;1,25;0
29536;Вино Шато Блан 0.75 Інкерман;Инкерман М.В.;26,21;24,9;4;103;0,75;12;1,25;0
41233;1,5 Вода мін."Знаменівська" негаз.;Биола мин.вода ТМ;5,5;5,23;4;103;0,5;6;1,55;0
40429;Віскі  Grant's Family Reserve 0,7 под.короб.;Грантс ТМ;233,5;221,83;4;125;0,7;1;1;0
40359;Віскі  Grant's Family Reserve 0,7 в туб;Грантс ТМ;233,5;221,83;4;125;0,7;1;1,3;0
33387;Віскі  Дюарс Фаундерс Резерв  0.75 18 років;Баккарди элит;929;882,55;4;103;0,75;6;1,65;0
39316;Орд. Столове н/сух.червоне 0,75;Массандра;5;4,75;4;103;0,75;12;1,23;0
28773;Вино Совіньон Сортовий 0.75  Інкерман;Инкерман М.В.;26,21;24,9;4;103;0,75;12;1,25;0
30263;Вино Боч.Кагор  Український 10л;Чизай;386;366,7;4;103;10;1;11;0
39140;Вино ігр. "Inkerman" муск. біл. н/сол. 0,75;Инкерман Шамп.;49,32;46,85;4;125;0,75;6;1,71;0
40641;Коньяк  "Jatone Легенда" 4 года 0,5;Таврия Премиум ТМ;75,4;71,63;4;103;0,5;1;1;0
40462;В/м Новотроїцька 0,5 негаз;Новотроицкая ТМ;3,89;3,7;4;103;0,5;12;0,52;0
19098;Вино Рубін  Закарпат. 0.7 ( нов.);Чизай;25,4;24,13;4;103;0,7;12;1,23;0
37674;Віскі  Passport Scotch 1,0;Виски;265;251,75;4;103;1;1;1,6;0
6227;Вино Старий  Нектар 0.75  Інкерман;Инкерман;41,65;39,57;4;103;0,75;12;1,23;0
23733;Кокур дес. Сурож 0.7 1975г.;МассандраКолл.;605;574,75;4;103;0,7;1;1,23;0
41243;2,0 Біола "Байкал";Биола ТМ;9,9;9,41;4;103;2;6;2,15;0
18675;К.  "Alexx  Gold"  0.5  б/тубуса;Таврия Премиум ТМ;145,6;138,32;4;103;0,5;6;0,83;0
31292;Віскі  Гленфідіш  1л 12 років в тубусі;Грантс ТМ;829,16;787,7;4;125;1;12;1,12;0
38136;Напій б/а Полтава Буратино 1,5;Полтава Пиво;7,65;7,27;4;103;1,5;6;1,635;0
38954;Коньяк "Маглив" 3* 0,5 ТМ Маглив;Маглив ТМ(коньяк);59,05;59,01;4;103;0,5;12;0,9;0
33566;К.  "Alexx GT"  0.5 VSOP п/у;Таврия Премиум ТМ;156;148,2;4;103;0,5;6;1,3;0
28655;Вино Перлина  Інкерману 0.75 G. Reserv;Инкерман G.Reserv;85,04;80,79;4;103;0,75;1;1,25;0
39742;Віскі  Grant's Ale Cask 0,7;Грантс ТМ;259,32;246,35;4;125;0,7;12;1,11;0
20787;Каберне чер. сух. 0.7;Премиум Вин;24;22,8;4;103;0,7;12;1,287;0
41245;2,0 Біола "Смак Айва та персика";Биола ТМ;9,9;9,41;4;103;2;6;2,15;0
39932;Віскі  Дюарс 0,5 12 років п/у;Баккарди элит;341;323,95;4;103;0,5;12;0,95;0
3839;К.  Імперіал  0.7  сув. короб.;Таврия Премиум ТМ;1256,58;1193,75;4;103;0,7;6;1,12;0
36636;Вино Совіньйон-Ркацителі 0.75  WMS;Инкерман WMS;34,05;32,35;4;103;0,75;12;1,25;0
30784;Пиво Жигулівське 0,5 Полтава;Полтава Пиво;7,5;7,13;4;103;0,5;15;0,82;0
32904;Бальзам Любий Край 0,5;Люботин Бальзам;37;35,15;4;103;0,5;20;0,93;0
36637;Вино Ркацителі Інкерман  0.75  WMS;Инкерман WMS;39,07;37,12;4;103;0,75;12;1,25;0
39577;Джин Hendrick's 0.7;Грантс ТМ;531,88;505,29;4;125;0,7;1;1;0
38147;Вино Каберне Совиньон сух. 0,75л;Боставан ТМ;62,79;59,65;4;103;0,75;1;1,25;0
26742;Мускат роз. дес. 0.7 1995г.;МассандраКолл.;575;546,25;4;103;0,7;1;1,12;0
25514;Вино Шардоне Качинське біл.сух. 0.75 Інкерман;Инкерман;35,8;34,01;4;103;0,75;12;1,23;0
40824;Віскі  Grant's Family Reserve 0,7+2 бокала в мет кор;Грантс ТМ;233,5;221,83;4;125;0,7;1;2,1;0
39616;Віскі  Тюлламор дью  0,5;Грантс ТМ;234,69;222,96;4;125;0,5;12;0,9;0
29549;Вино Шато Руж 0.75 Інкерман;Инкерман М.В.;26,21;24,9;4;103;0,75;12;1,25;0
18978;Вино Каберне Сортове 0.75  Інкерман;Инкерман М.В.;26,21;24,9;4;125;0,75;12;1,25;0
39491;2,0 Карп.Джерельна газ. з ручк.;Карпат.мин.водыТМ;8,3;7,89;4;103;2;6;2,15;0
31146;Вино Буссо біл. н/сол 0.75  Інкерман;Инкерман М.В.;26,04;24,74;4;125;0,75;12;1,25;0
39741;Віскі  Гленфідіш  0.7 18 років в тубусі;Грантс ТМ;1292,44;1227,82;4;125;0,7;1;1;0
33074;К-як  Мартель  VS  0.5 фляга;Коньяк Франции;499,9;474,91;4;103;0,5;1;1,05;1
29816;Лікер  Егер  майстер  1.0;Ликеры;412,7;392,07;4;103;1;6;1,53;1
28328;Віскі  Чівас  Роял салюте 0,7 в кор.;Виски;4627;4395,65;4;103;0,7;6;1,7;1
26267;Мускат роз. дес. 0.7 1983г.;МассандраКолл.;675;641,25;4;122;0,7;1;1,43;1
28824;Віскі  Джек  Деніелс  1.0;Виски;603;572,85;4;103;1;1;1,53;1
22529;Кауфман мягк. 0,7;М. Элит;621;589,95;4;103;0,7;1;1;1
37579;Вино ігр. "Новосветское" бел. п/сух. 0.75;Шамп.Новый Свет ТМ*;91,3;86,74;4;103;0,75;6;1,65;1
21569;Кокт. винн. "Дон Дієго Сангрія " 0.75;Дон Диего Сангрия ТМ;32,99;31,34;4;103;0,75;12;1,332;1
30992;Горілка"Пшенична" 0,25 Люботин;Люботин Классический;19,95;19,95;4;103;0,25;30;0,25;1
39208;Гор. "Тарас" Пшенична 0,7 кер;Империя-С;149,9;142,41;4;103;0,7;9;1,45;1
33055;Віскі  Дж. Уокер ( Red )  0.7 п/у (2 стакан);Виски;399;379,05;4;103;0,7;1;1,95;1
18984;Вино Ізабелла  Закарпат. н/сол .0.7 ( нов.);Чизай;22;20,9;4;103;0,7;12;1,23;1
5715;Віскі  Дж. Уокер ( Black )  0.5;Виски;403;382,85;4;103;0,5;20;0,885;1
37673;Віскі  Passport Scotch 0.75 в кор.;Виски;339,9;322,91;4;103;0,75;1;1,35;1
34544;Абсолют  Цитрон 0.7;Абсолют ТМ;211;200,45;4;103;0,7;12;1,23;1
37397;Шамп. "Новый Свет" Парадiзiо брют  0.75;Шамп.Новый СветТМ;1269,3;1205,84;4;103;0,75;1;1,75;1
28392;Сув."Бочонок" мед н/к 1,0;Луга Нова (Сувенир);156,9;149,06;4;103;1;1;1,12;1
21503;Ш.Мас. Крим. Мускатне біл. 0.75 Мас.;Масандра шамп;37;35,15;4;103;0,75;12;1,71;1
33871;Вищий сорт люкс 0,5л;Высший сорт ТМ;39,9;39,9;4;103;0,5;20;0,91;1
39294;Гор. "Карпатська "Рибак" 0,25 екс.сув.кер;Империя-С;139,9;132,91;4;103;0,25;9;0,95;1
33522;К- як  "Камю ВС Элеганс" 1,0л п/у;Укримпорт;828;786,6;4;103;1;1;1,6;1
33708;К- як  "Камю VSOP Элеганс" 0,7л п/у;Укримпорт;889,9;845,41;4;103;0,7;1;1,43;1
33470;Вино ігр."Furst von Metternich Rose";Столичный Импорт;93,9;89,21;4;103;0,75;1;1,77;1
25478;Віскі  Дж. Уокер  Набір 4* 0.2;Виски;935;888,25;4;103;0,2;1;0,46;1
40915;Аліанца Вин Сапераві чер сух 0,75;Винфорт ТМ;72;68,4;4;103;0,75;6;1,25;1
30044;Шамп. Радянське біл. н/сол 0.75 чорн.етик.;Ольвия Шамп.Тарутино;35,2;33,44;4;103;0,75;12;1,71;1
41399;Горілка Люботин "Машина Ретро " 1,0л;Люботин Премиум Сув.;167;158,65;4;103;1;1;2,1;1
12943;Віскі  Чівас  Регал  0.75 25 років в п/у;Виски;9726;9239,7;4;103;0,75;12;1,12;1
28399;Сув."Машина ретро" керам. 1,0;Луга Нова (Сувенир);156,5;148,68;4;103;1;1;1,53;1
38927;Ром  Капітан  Морган "Jamaica" 0,5;Ром;254,5;241,78;4;103;0,5;1;0,97;1
27666;Горілка Графа Воронцова;Масандра (водка);39,99;37,99;4;103;0,5;20;0,942;1
17595;Мускат бел. Ю.Б. 0.7 1973г.;МассандраКолл.;810;769,5;4;122;0,7;1;1,23;1
13386;Віскі  Баллантайн  0.5;Виски;362;343,9;4;103;0,5;12;0,9;1
41264;Горілка Органік Лайф  0.7;Зеленый день ТМ;71,5;67,93;4;103;0,7;12;1,31;1
40490;Шустрик Мохіто 0,5;Шустрик ТМ;3,99;3,79;4;103;0,5;12;0,55;1
33224;Гато Негро "Карменер" чер.сух. 0,75 Сан Педро;Гато Негро ТМ;138,6;131,67;4;103;0,75;6;1,25;1
20781;Столовое  красн. Алушта 0.7 1998г.;МассандраКолл.;963;914,85;4;103;0,7;1;1,25;1
33895;ВКТ Фронтера Лейт Харвест 0.75;М. Чили;72,9;69,26;4;103;0,75;12;1,17;1
19509;Твіши  біл. н/сол. 0.75;ТбилВино;276,6;262,77;4;103;0,75;12;1,25;1
38565;Вино ігр.Зол.Бал.брют біле 3.0 Сув.;Золотая Балка ТМ;524;497,8;4;103;3;2;6;1
20362;Вино Сповідь Монаха чер. н/сол. 0.7;Тарутинские Вина;24,7;23,47;4;103;0,7;12;1,22;1
27668;Горілка "Кримська мускатна";Масандра (водка);41,8;39,71;4;103;0,5;20;0,942;1
31009;Горілка"Срібна" 0,5 Преміум штоф;Люботин Премиум;39,99;37,99;4;103;0,5;20;0,9;1
31211;Текила Сомбреро Негро Голд 38% 0,375;М. Элит;114,4;108,68;4;103;0,375;1;0,72;1
34521;Абсолют  Курант 0.7;Абсолют ТМ;211;200,45;4;103;0,7;12;1,25;1
34861;Лікер  Бейліс  0.7+ Hazelnut 0,7;Ликеры;379,9;360,91;4;103;0,7;1;2,6;1
40950;Горілка Зубрівка 0,35л;Водка;43;40,85;4;103;0,35;24;0,65;1
40830;Пиво Діжка свіжого світле 0,5 Полтава;Полтава Пиво;7,99;7,59;4;103;0,5;15;0,85;1
34770;К-як  Мартель  VSOP  0.7 в мет. тубусе;Коньяк Франции;899;854,05;4;103;0,7;1;1,45;1
39602;Віскі  Дж. Уокер ( Platinum)  0.7 п/у;Виски;1629;1547,55;4;103;0,7;1;1,95;1
33730;Водка Кедровица на кедр.ореш.с медом 0,7;Пять Озер ТМ;69,25;65,79;4;103;0,5;6;1,15;1
28398;Сув."М’яч" керам. 1,0;Луга Нова (Сувенир);111;105,45;4;103;1;1;1,53;1
33581;Алазанская  Долина бел. 0.75;Сердце Кахетии ТМ;131;124,45;4;103;0,75;6;1,38;1
32905;Бальзам Різнотрав'я 0.5;Люботин Бальзам;37;35,15;4;103;0,5;20;0,93;1
37381;Віскі  Passport Scotch 0.5;Виски;1599;1519,05;4;103;0,5;1;0,95;1
32972;К-як "Фрапен фляга VS" Фрапен 0,5 п/у;Винфорт ТМ;530;503,5;4;103;0,5;1;0,83;1
16912;Арм. к- як 4 зір. 0.7 в короб.;Грейт Велли;269;255,55;4;103;0,7;12;1,12;1
41167;Текила Корралехо Бланко 0,1;М. Элит;98,5;93,58;4;103;0,1;1;0,29;2
28225;Віскі  Джек  Деніелс  0.5;Виски;339,9;322,91;4;103;0,5;6;0,87;2
6597;Абсолют  Блю 0.5;Абсолют ТМ;207;196,65;4;103;0,5;12;0,9;2
32817;Віскі  Джек  Деніелс  0.7;Виски;459;436,05;4;103;0,7;1;1,2;2
29475;Ром  Капітан  Морган Блек Спайсед 0.7;Ром;336,9;320,06;4;103;0,7;1;1,15;2
23477;ЖПШ Шардоне Премьер де Кюве біл.сухе 0.75;О.Орландо ТМ;117,9;112,01;4;103;0,75;6;1,37;2
23062;Абсент  Вінсент  0.7 сувенір.;Брендбар ТМ;289;274,55;4;103;0,7;1;2,2;2
41531;Комрат Кагор Пасхальный Благосвет дес. кр. 0,75 штоф;Укримпорт;120,9;114,86;4;103;0,75;6;1,37;2
20550;Абсент  XENTA  0.7;Абсент;372;353,4;4;103;0,7;6;1,25;2
32521;Текіла  Хосе  Куерво  Especial Плата 0.5 Сильвер;Текила;239,4;227,43;4;103;0,5;6;0,83;2
5843;Віскі  Дж. Уокер ( Black )  1.0  под.;Виски;723;686,85;4;103;1;12;1,486;2
31884;Арарат Наири 20лет.0,7;Арарат;943;895,85;4;103;0,7;1;1,7;2
31687;Вино Боч.Совіньйон 10л;Чизай;238,9;226,96;4;103;10;1;11;2
24580;Алиготе  бел. сух. 0.7;Бордо ТМ Ливадия;22,7;21,57;4;103;0,7;12;1,15;2
38616;Віскі  Баллантайн 12років 1,0  в п/у;Виски;894;849,3;4;103;1;1;1,8;2
29535;Текила Сомбреро Негро Сильвер 0,7;М. Элит;209,9;199,41;4;103;0,7;12;1,12;2
30652;Текила Сомбреро Негро Сильвер 0,375;М. Элит;111,5;105,93;4;103;0,375;1;0,72;2
28331;Віскі  Чівас  Регал  0.75 18 років п/у;Виски;2157;2049,15;4;103;0,75;6;1;2
14479;Мукузані  чер. сух. 0.75;ТбилВино;289,9;275,41;4;103;0,75;6;1,25;2
34265;Италия Бьянко секко VdT 0.75 бел. сух. 0,75;Укримпорт;120,2;114,19;4;103;0,75;1;1,15;2
33615;К- як  "Камю ВС Элеганс" 0,7л;Укримпорт;579,9;550,91;4;103;0,7;1;1,42;2
24329;Абсент  XENTA  1.0;Абсент;588;558,6;4;103;1;1;1,53;2
31693;Вино Боч.Габріелла 10л;Чизай;339,9;322,91;4;103;10;1;11;2
34112;Віскі  Баллантайн 12років 0.5;Виски;655;622,25;4;103;0,5;1;0,98;2
14612;К-як  Мартель  VS  0.7 кор.;Коньяк Франции;667,5;634,13;4;103;0,7;12;1,3;2
23761;Текіла  Ольмека  Бланко  0.35;Текила;181,9;172,81;4;103;0,35;6;0,7;2
32662;Аліанца Вин Ізабелла Молдавська чер. н/сл 0,7;Винфорт ТМ;79;75,05;4;103;0,7;6;1,23;2
31689;Вино Боч.Мускатне 10л;Чизай;232;220,4;4;103;10;1;11;2
34820;Вино ігр."Cuvee  reserv"  н/сл. 6,0;Столичный КЗШВ;1593;1513,35;4;103;6;1;13;2
20781;Столовое  красн. Алушта 0.7 1998г.;МассандраКолл.;963;914,85;4;122;0,7;1;1,25;2
37916;Горілка "Белоруссия" 0,5;Дикая Утка ТМ;51,7;49,12;4;103;0,5;15;0,95;2
25463;Портвейн Бел. Крым. 0.7 1984г.;МассандраКолл.;423;401,85;4;122;0,7;1;1,23;2
31885;Віскі  Чівас  Регал  1.0 18 років п/у;Виски;2757;2619,15;4;103;1;1;1,12;2
16573;Портвейн красн. Ливадия 0.7 1985г.;МассандраКолл.;544;516,8;4;122;0,7;1;1,23;2
15714;Абсолют  Блю 1.0;Абсолют ТМ;299;284,05;4;103;1;12;1,9;2
32660;Віскі  Тічерс  0.7;Тичерз ТМ;352;334,4;4;103;0,7;12;1,12;2
24200;Кокт. винн. "Дон Дієго Сангрія суниця" 0.75;Дон Диего Сангрия ТМ;32,99;31,34;4;103;0,75;12;1,332;2
32520;Текіла  Хосе  Куерво  Especial  0.5 Репосадо;Текила;253,7;241,02;4;103;0,5;6;0,83;2
20402;Ром  Капітан  Морган  Голд Спайсед 1.0;Ром;412,9;392,26;4;103;1;12;1,77;3
19178;Вино Ведмежа  Кров черв. н/сол. 0.7 ( нов.);Чизай;23,9;22,71;4;103;0,7;12;1,23;3
7109;Арм. к- як 5 зір. 0.7 в короб.;Грейт Велли;432;410,4;4;103;0,7;12;1,12;3
41524;Віскі  Балвені "Single Barrel" 0.7 15 років;Грантс ТМ;1457,57;1384,69;4;125;0,7;1;1;3
19806;Вино Чизай  0.7 біл. н/сол ( нов.);Чизай;23,4;22,23;4;103;0,7;12;1,23;3
39118;Вермут Totino lime;Столичный Импорт;69;65,55;4;103;1;6;1,62;3
20551;Абсент  XENTA  0.7  Суперіор;Абсент;494;469,3;4;103;0,7;6;1,2;3
41198;Віскі  Дюарс 12 років 0.7 у коробці;Баккарди элит;445;422,75;4;103;0,7;12;1,32;3
33918;Віскі  Канадіан Клаб  1,0;Винфорт ТМ;368;349,6;4;103;1;6;1,45;3
13964;Сапераві  чер. сух. 0.75;ТбилВино;203,9;193,71;4;103;0,75;6;1,25;3
41103;Мартіні Гран Луссо 1,0;Мартини ТМ;329;312,55;4;103;1;6;1,6;3
35268;Гранд Ше де Франс Логель Піно Грі 0,75л;Винфорт ТМ;113;107,35;4;103;0,75;6;1,2;3
31695;Вино Боч.Ізабелла  Закарпат. 10л;Чизай;225;213,75;4;103;10;1;11;3
40914;Аліанца Вин Каберне-Совіньйон чер сух 0,75;Винфорт ТМ;49;46,55;4;103;0,75;6;1,25;3
37686;Сув."Шахтар" керам. 0,75;Луга Нова (Сувенир);104,9;99,66;4;103;0,75;1;1,55;3
39762;Ром  Баккарді  Голд 0.5;Ром Баккарди ТМ;163,48;155,31;4;103;0,5;12;0,8;3
39240;Орд. Столове н/сух. біле 0,75;Массандра;514,9;489,16;4;103;0,75;12;1,22;3
41447;Горілка Люботин "Скрипка" 0,7л;Люботин Премиум Сув.;152;144,4;4;103;0,7;1;1,75;3
23534;Абсент  Вінсент  Преміум  1.0;Брендбар ТМ;264;250,8;4;103;1;6;1,55;3
41401;Горілка Люботин "Хамер" 1,0л;Люботин Премиум Сув.;183;173,85;4;103;1;1;1,75;3
26385;Портвейн красн. Ливадия 0.7 1995г.;МассандраКолл.;424;402,8;4;122;0,7;1;1,4;3
41559;Ром Гавана клуб"aneyo 3 years" 0,7;Ром;379,9;360,91;4;103;0,7;1;1,2;3
12651;Лікер  Шерідан  0.5;Ликеры;366,2;347,89;4;103;0,5;6;1,22;3
41577;Гранд Ше де Франс Вовре 0,75л;Винфорт ТМ;109,9;104,41;4;103;0,75;6;1,25;3
26743;Токай  Ю.Б. 0.7 1995г.;МассандраКолл.;514;488,3;4;122;0,7;1;1,12;3
24039;Текіла  Ольмека  Бланко  1.0;Текила;465,9;442,61;4;103;1;6;1,5;3
41246;2,0 Біола "Смак ананаса";Биола ТМ;9,9;9,41;4;103;2;6;2,15;3
28397;Сув."Гармата" керам. 0,25;Луга Нова (Сувенир);62,1;59;4;103;0,25;1;0,25;3
41583;Віскі  Тічерс Оріджин  0.7 п/у;Тичерз ТМ;466;442,7;4;103;0,7;6;1,3;4
15007;К-як  Мартель  VS  1.0;Коньяк Франции;899;854,05;4;103;1;12;1,53;4
39620;Гор. "Змія" Карпатська 0,75 кер;Империя-С;154,4;146,68;4;103;0,75;9;1,52;4
12649;Лікер  Шерідан  1.0;Ликеры;419;398,05;4;103;1;6;1,9;4
41564;Набор Ром  Баккарді  Голд 0.5+2 колы;Ром Баккарди ТМ;204,4;194,18;4;103;3;1;2,05;4
4126;К.  Асканія  0.7  коллекц.;Таврия Премиум ТМ;593,71;564,02;4;125;0,7;6;1,12;4
41432;К.  Таврія  Класік Гранд Резерв 0.5  в  тубусі;Таврия Премиум ТМ;164,9;156,66;4;103;0,5;9;0,85;4
37372;Віскі  Баллантайн  1,0;Виски;481;456,95;4;103;1;12;1,9;4
41450;К.  Херсон КС  0.7;Таврия Премиум ТМ;772,2;733,59;4;125;0,7;1;1;4
13962;Алазанська  Долина чер. н/сол. 0.75;ТбилВино;173;164,35;4;103;0,75;12;1,25;4
35473;Бренді "Симболь Националь XO" 0.7;Винфорт ТМ;332;315,4;4;103;0,7;1;1,365;4
31334;Ром Гавана клуб"aneyo especial" 1,0;Ром;251,9;239,31;4;103;1;12;1,63;4
40642;Ц. Дача  Кагор Партенит 0.375;Массандра(сувенир.);76,2;72,39;4;103;0,375;1;0,83;4
34545;Лікер  Шерідан  0.7;Ликеры;486;461,7;4;103;0,7;1;1,57;4
34434;Пиво Бочкове 0,5 Полтава;Полтава Пиво;8,7;8,27;4;103;0,5;15;0,85;4
40225;Вино Карузо Росо 0,75;М. Элит;47,9;45,51;4;103;0,75;12;1,12;4
41371;Аджика "Лагидна" 480г;Гурман ТМ;18;17,1;4;103;0,48;12;0,73;4
30039;Напій винний "Вишня" 0,5;Чизай;26,3;24,99;4;103;0,5;12;0,9;4
23470;ЖПШ Медіум Руж Свит чер.н/сол 0.75;Укримпорт;171,9;163,31;4;103;0,75;6;1,37;4
36929;ЖПШ Шамп. Демі-Сек біл.н/сухе 0,75;Укримпорт;231,3;219,74;4;103;0,75;6;1,63;4
38928;Ром  Капітан  Морган "Jamaica" 0,7;Ром;269,9;256,41;4;103;0,7;1;1,2;4
39349;Водка Кедровица на кедр.ореш.0,7;Пять Озер ТМ;69,25;65,79;4;103;0,7;9;1,2;4
31692;Вино Боч.Сонце в бокалі 10л;Чизай;369;350,55;4;103;10;1;11;4
17267;Вазиани Киндзмараули красн. п/сл. 0.75;Укримпорт;176,3;167,49;4;103;0,75;6;1,25;4
33720;Абсолют  Блю 0.7;Абсолют ТМ;287;272,65;4;103;0,7;12;1,25;4
34664;Им.В.Душа Монаха б.п/сл.0.7дерев.этик;Укримпорт;99;94,05;4;103;0,7;6;1,2;4
39755;Мартіні  Розе  ігр. 0.75;Мартини Асти;214,5;203,78;4;103;0,75;6;1,6;4
27246;Віскі  Чівас  Регал  0.75 12 років п/у;Виски;964;915,8;4;103;0,75;1;1,71;5
21101;Ром  Капітан  Морган Блек 1.0;Ром;339,9;322,91;4;103;1;12;1,579;5
34341;Груз.Заст. Саперави кр.сух. 0,75;Укримпорт;139;132,05;4;103;0,75;1;1,25;5
41197;Віскі  Дюарс вайт лейбл 0.7 у коробці;Баккарди элит;219;208,05;4;103;0,7;12;1,13;5
33585;Киндзмараули  красн. п/сл. 0.75;Сердце Кахетии ТМ;262,9;249,76;4;103;0,75;6;1,37;5
15013;Текіла  Sauza  Gold  0.7;Текила Сауза ТМ;663,7;630,52;4;103;0,7;6;1,23;5
23733;Кокур дес. Сурож 0.7 1975г.;МассандраКолл.;605;574,75;4;122;0,7;1;1,23;5
35086;Сув."Пасхальне яйце" 0,25;Луга Нова (Сувенир);69;65,55;4;103;0,25;1;0,58;5
32680;Гато Негро "Совіньон Блан"біл.сух. 0,75 Сан Педро;Гато Негро ТМ;174,2;165,49;4;103;0,75;6;1,25;5
23640;Портвейн Бел. Сурож 0.7 1976г.;МассандраКолл.;484;459,8;4;122;0,7;1;1,23;5
22184;Вино Лідія  рож. н/сол. 0.7;Чизай;25;23,75;4;103;0,7;12;1,23;5
22166;Портвейн Бел. Крым. 0.7 1975г.;МассандраКолл.;484;459,8;4;122;0,7;1;1,45;5
5438;Алаз. Долина чер.н/сол. 0.75 ( БА );БрАсканели Вино;106;100,7;4;103;0,75;12;1,31;5
33124;Віскі  Тічерс  0.5;Тичерз ТМ;279;265,05;4;103;0,5;12;0,95;5
39776;Напій б/а Мохіто 1,5;Полтава Пиво;7,65;7,27;4;103;1,5;6;1,635;5
26742;Мускат роз. дес. 0.7 1995г.;МассандраКолл.;575;546,25;4;122;0,7;1;1,12;5
40922;Аліанца Вин Магнум Каберне-Совиньйон чер.сухе 1,5;Винфорт ТМ;106;100,7;4;103;1,5;6;2,2;5
31950;Ром Гавана клуб"anejo7anos"1,0;Ром;597;567,15;4;103;1;12;1,63;5
22170;Текіла  Ольмека  Голд 1.0;Текила;408,2;387,79;4;103;1;6;1,77;5
12909;Лікер  Бейліс  1.0;Ликеры;544,5;517,28;4;103;1;12;1,7;5
19859;0.2  Мускат біл.;Массандра(сувенир.);46,2;43,89;4;103;0,2;30;0,42;5
27778;Віскі  Чівас  Регал  1.0 12 років п/у;Виски;1212;1151,4;4;103;1;12;1,53;5
41600;Пиво Кег бронзовый 1,0л;Пиво;16,19;15,38;4;125;1;1;1;6
28329;Ром Гавана клуб"aneyo blanco"1л;Ром;232,9;221,26;4;103;1;12;1,61;6
27174;Портвейн Бел. Сурож 0.7 1975г.;МассандраКолл.;484;459,8;4;122;0,7;1;1,12;6
41301;Вино Purcari Шардоне сух. 0,75;Пуркари ТМ;98,91;93,96;4;125;0,75;1;1;6
41526;Віскі  Балвені "Portwood" 0.7 21 років;Грантс ТМ;4196,36;3986,54;4;125;0,7;1;1;6
23871;Лікер  Малібу  Тропік  0.5;Ликеры;308,64;293,21;4;103;0,5;12;0,83;6
14119;К.  "Alexx  Gold"  0.5  в тубусі;Таврия Премиум ТМ;156;148,2;4;125;0,5;6;0,83;6
8310;Им.В.Душа Монаха б.п/сл.0.7мешок;Укримпорт;99;94,05;4;103;0,7;6;1,175;6
41525;Віскі  Балвені "Diublewood" 0.7 17 років;Грантс ТМ;2036,95;1935,1;4;125;0,7;1;1;6
32663;Аліанца Вин Мускат Аліанца біл. н/сл 0,7;Винфорт ТМ;79;75,05;4;103;0,7;6;1,23;6
41511;Вино Purcari  Розе сух 0,75;Пуркари ТМ;118,69;112,76;4;125;0,75;1;1;6
36693;К.  "Alexx Space Evolution"  0.5;Таврия Премиум ТМ;174,2;165,49;4;125;0,5;1;0,83;6
37619;Пиво "ДойчХоф" Саксонське світле 1л;Пиво;15,6;14,82;4;125;1;6;1;6
40819;Гато Негро "Піно Нуар" чер.сухе 0,75 Сан Педро;Гато Негро ТМ;138,6;131,67;4;103;1;6;1,13;6
33566;К.  "Alexx GT"  0.5 VSOP п/у;Таврия Премиум ТМ;156;148,2;4;125;0,5;6;1,3;6
38549;Пиво "ДойчХоф" Бюргерське 1,0л;Пиво;15,99;15,19;4;125;1;12;1;6
40155;Вино Шардоне п/сл 0.75;Боставан ТМ;62,79;59,65;4;125;0,75;1;1;6
40817;Ігристе "Пік" біле брют Аліанца Вин 0,75л;Винфорт ТМ;114,1;108,4;4;103;0,75;6;1,5;6
41506;Вино Purcari Freedom blend кр.сух 0,75;Пуркари ТМ;118,69;112,76;4;125;0,75;1;1;6
41580;Віскі  МакКлелландс Спейсайд 0,05;Винфорт ТМ;85;80,75;4;103;0,05;1;0,15;6
41527;Віскі  Балвені  0.7 30 років;Грантс ТМ;9458,54;8985,61;4;125;0,7;1;1;6
24328;Лікер  Малібу  Тропік  1.0;Ликеры;295,3;280,54;4;103;1;12;1,7;6
33173;Алазанська  Долина біл. н/сол. 1.5;ТбилВино;259;246,05;4;103;1,5;6;2,5;6
41523;Віскі  Балвені "Caribbean Cask" 0.7 14 років;Грантс ТМ;1200,03;1140,03;4;125;0,7;1;1;6
32740;Кастель Барон Лірондо чер.сух. 0,75;Винфорт ТМ;163,9;155,71;4;103;0,75;6;0,75;6
32987;Віскі  Канадіан Клаб  0,7;Винфорт ТМ;361,1;343,05;4;103;0,7;6;1,12;6
12419;К.  "Alexx  Silver"  0.5  в тубусі;Таврия Премиум ТМ;125,71;119,42;4;125;0,5;6;0,83;6
32988;Віскі  Мейкерс Марк  0,7;Винфорт ТМ;1306;1240,7;4;103;0,7;1;1,12;6
41299;Вино Purcari Піно Нуар сух. 0,75;Пуркари ТМ;98,91;93,96;4;125;0,75;1;1;6
38147;Вино Каберне Совиньон сух. 0,75л;Боставан ТМ;62,79;59,65;4;125;0,75;1;1,25;6
41232;Пиво "ДойчХоф" 14% Светлое 1,0л;Пиво;16,32;15,5;4;125;1;1;1;6
40441;ЖПШ Коломбар-Шардоне бел сухое 0,75;Укримпорт;171,9;163,31;4;103;0,75;6;1,36;6
34468;Мускат бел.Ливадия 0.7 1977г.;МассандраКолл.;846;803,7;4;122;0,7;1;1,28;6
39556;Вино Бастардо н/сол. 0,75л;Боставан ТМ;62,79;59,65;4;125;0,75;12;1;6
41578;Віскі  МакКлелландс Айла  0,05;Винфорт ТМ;85;80,75;4;103;0,05;1;0,15;6
18739;К.  "Alexx  Platinum"  0.5  в тубусі;Таврия Премиум ТМ;208;197,6;4;125;0,5;6;0,83;6
37616;Пиво "ДойчХоф" Кельтське світле 1л;Пиво;15,34;14,57;4;125;1;6;1;6
41528;Віскі  Балвені "TUN 1509" 0.7;Грантс ТМ;5745,96;5458,66;4;125;0,7;1;1;6
13965;Цинандалі  біл. сух. 0.75;ТбилВино;182,5;173,38;4;103;0,75;6;1,25;6
41516;Вино Purcari Пастораль кр.сух 0,75;Пуркари ТМ;137,8;130,91;4;125;0,75;1;1;6
34340;Груз.Заст. Мукузани кр.сух. 0,75;Укримпорт;159;151,05;4;103;0,75;1;1,25;6
14478;Кіндзмараулі  чер. н/сол. 0.75;ТбилВино;346;328,7;4;103;0,75;12;1,25;6
40938;Пиво "ДойчХоф" 12% Светлое 1,0л;Пиво;15,99;15,19;4;125;1;12;1;6
41518;Нап.алког.міцний "Alexx EGO"  0.5 Chocolate;Таврия Премиум ТМ;69,62;66,14;4;125;0,5;1;1;6
41515;Вино Purcari Альб де Пуркарь бел.сух 0,75;Пуркари ТМ;338;321,1;4;125;0,75;1;1;6
41300;Вино Purcari Рара Нягре кр.сух 0,75;Пуркари ТМ;98,91;93,96;4;125;0,75;1;1;6
30817;Вино ігр."Sohnlein Brillant Alkoholfrei" б/а;Столичный Импорт;98;93,1;4;103;0,75;6;1,25;6
37804;Пиво "ДойчХоф" Фестерське 1,5л;Пиво;21,32;20,25;4;125;1,5;6;1;6
39805;Ром  Баккарді  Суперіор 0.75;Ром Баккарди ТМ;214,7;203,97;4;103;0,75;12;1,25;6
21967;Віскі  Балвені  0.7 12 років в туб.;Грантс ТМ;885,63;841,35;4;125;0,7;6;1,42;6
41522;Коньяк  "Жатон Екстра" ХО 0,5;Таврия Премиум ТМ;147,49;140,12;4;125;0,5;1;1;6
32737;Кастель Барон Лірондо біл.сух. 0,75;Винфорт ТМ;163,9;155,71;4;103;0,75;6;0,75;6
41517;Нап.алког.міцний "Alexx EGO"  0.5 Coffee;Таврия Премиум ТМ;69,62;66,14;4;125;0,5;1;1;6
38548;Пиво "ДойчХоф" Фестерське 1,0л;Пиво;15,8;15,01;4;125;1;12;1;6
40154;Вино Каберне Совиньон п/сл 0,75л;Боставан ТМ;62,79;59,65;4;125;0,75;1;1;6
41298;Вино Purcari Пино Гриджио бел.сух 0,75;Пуркари ТМ;98,91;93,96;4;125;0,75;12;1;6
41508;Вино Purcari Мерло сух 0,75;Пуркари ТМ;118,69;112,76;4;125;0,75;1;1;6
37643;Вино ігр.Зол.Бал.Брют Піно 0,75 сув. з келихами;Золотая Балка ТМ;194,3;184,59;4;103;0,75;1;2,3;6
40937;Пиво "ДойчХоф" 11% Светлое 1,0л;Пиво;15,73;14,94;4;125;1;12;1;6
41581;Віскі  МакКлелландс Хайленд 0,05;Винфорт ТМ;85;80,75;4;103;0,05;1;0,15;6
37617;Пиво "ДойчХоф" Кельтське світле 1,5л;Пиво;20,74;19,7;4;125;1,5;6;1;6
41579;Віскі  МакКлелландс Лоуленд 0,05;Винфорт ТМ;85;80,75;4;103;0,05;1;0,15;6
41509;Вино Purcari Совіньон  бел.сух 0,75;Пуркари ТМ;118,69;112,76;4;125;0,75;1;1;6
34436;Пиво Бочкове 1,5 Полтава;Полтава Пиво;18,5;17,58;4;103;1,5;6;1,565;6
31436;Севастополь біл. міцне 0.75 Інкерман;Инкерман;95,64;90,86;4;125;0,75;12;1,25;6
41513;Вино Purcari Рошу де Пуркарь черв.сух 0,75;Пуркари ТМ;338;321,1;4;125;0,75;1;1;6
39608;Набір Бостован;Боставан ТМ;94,19;89,48;4;125;1;1;1;6
3839;К.  Імперіал  0.7  сув. короб.;Таврия Премиум ТМ;1256,58;1193,75;4;125;0,7;6;1,12;6
31533;Портв. Черв. Крим. 0.75 в тубусі Інкерман;Инкерман;77,95;74,05;4;125;0,75;6;1,25;6
34274;Герм.Мозеланд Рислинг п/сл син. бут.;Укримпорт;143;135,85;4;103;0,75;6;1,25;6
15414;Піросмані  чер. н/сол. 0.75;ТбилВино;169,9;161,41;4;103;0,75;12;1,25;6
24180;Лікер  Малібу  Тропік  0.75;Ликеры;199,9;189,91;4;103;0,75;12;1,12;6
41514;Вино Purcari Негру де Пуркарь кр.сух 0,75;Пуркари ТМ;338;321,1;4;125;0,75;1;1;6
25380;Тбілісі біл. сух. 0.75;ТбилВино;125,9;119,61;4;103;0,75;12;1,25;6
41507;Вино Purcari Каберне-Совіньон сух 0,75;Пуркари ТМ;118,69;112,76;4;125;0,75;1;1;6
28175;Віскі  Чівас  Регал  0.5 12 років п/у;Виски;486;461,7;4;103;0,5;1;0,83;6
34306;Герм.Мозеланд Рислинг п/сл зел.бут.;Укримпорт;123,5;117,33;4;103;0,75;6;1,25;6
38146;Вино Мускат н/сол. 0,75л;Боставан ТМ;62,79;59,65;4;125;0,75;1;1,27;6
41601;Пиво Кег золотий 1,0л;Пиво;16,51;15,68;4;125;1;1;1;6
31532;Портв.  Біл. Крим. 0.75 в тубусі Інкерман;Инкерман;78,04;74,14;4;125;0,75;6;1,25;6
22912;Настоянка Бехеровка 1.0;Водка;243;230,85;4;103;1;9;1,53;6
32738;Кастель Барон Лірондо чер.п/сл 0,75;Винфорт ТМ;163,9;155,71;4;103;0,75;6;0,75;6
41582;Віскі  Ошнтошн 12 років  0,05 п/у;Винфорт ТМ;95;90,25;4;103;0,05;1;0,15;6
34273;Испания Тинто семидульче кр. п/сл 0,75;Укримпорт;105,9;100,61;4;103;0,75;1;1,15;6
39557;Вино Шардоне сух. 0,75л;Боставан ТМ;62,79;59,65;4;125;0,75;12;1;6
26137;Вино Софійка біл. н/сол. 0.7;Чизай;22,7;21,57;4;103;0,7;12;1,283;6
38735;Пиво "ДойчХоф" Бюргерське 1,5л;Пиво;21,65;20,57;4;125;1,5;6;1;6
41599;Пиво Кег срібний 1,0л;Пиво;15,99;15,19;4;125;1;1;1;6
37618;Пиво "ДойчХоф" Саксонське світле 1,5л;Пиво;21,39;20,32;4;125;1,5;6;1;6
40924;Аліанца Вин Магнум Шардоне біле сух  1,5;Винфорт ТМ;106;100,7;4;103;1,5;6;2,2;7
29713;Текила Сомбреро Негро Голд 0,7;М. Элит;209;198,55;4;103;0,7;12;1,3;7
33174;Алазанська  Долина чер. н/сол. 1.5;ТбилВино;296;281,2;4;103;1,5;6;2,5;7
40913;Аліанца Вин Шато де Монтань біле н/сол 0,7;Винфорт ТМ;63;59,85;4;103;0,7;6;1,31;7
40440;ЖПШ Шамп Брют бел 0,75;Укримпорт;159,9;151,91;4;103;0,75;6;1,57;7
32736;Кастель Барон Лірондо біл.н/сух 0,75;Винфорт ТМ;163,9;155,71;4;103;0,75;6;0,75;7
35632;Курвуазьє  VS 0.5 фляга;Винфорт ТМ;699;664,05;4;103;0,5;1;0,83;7
31688;Вино Боч.Каберне 10л сухе черв;Чизай;249,9;237,41;4;103;10;1;11;7
40912;Аліанца Вин Шато де Монтань чер н/сол 0,7;Винфорт ТМ;63;59,85;4;103;0,7;6;1,31;7
28457;Віскі  Дж. Уокер ( Red )  1.0 п/у;Виски;539;512,05;4;103;1;1;1,9;7
38534;ЖПШ Мерло чер.сухе 0.75;Укримпорт;171,9;163,31;4;103;0,75;6;1,4;7
18987;Вино Мон. Ізба черв. н/сол. 0.7 ( нов.);Чизай;23,9;22,71;4;103;0,7;12;1,23;7
39209;Гор. "Сердечко" Пшенична 0,5 кер;Империя-С;127,3;120,94;4;103;0,5;9;1,05;7
29291;Абсент  Вінсент  0.5;Брендбар ТМ;125;118,75;4;103;0,5;9;1,142;7
39752;Мартіні  Розато  0.5;Мартини ТМ;81,4;77,33;4;103;0,5;24;0,87;7
39396;Гор. "Мисливець" Карпатська 0,25 кер;Империя-С;129,9;123,41;4;103;0,25;9;0,85;7
38258;ЖПШ Коломбар-Совіньон белое сух 0,75;Укримпорт;171,9;163,31;4;103;0,75;6;1,35;7
40923;Аліанца Вин Магнум Сапераві чер сух 1,5;Винфорт ТМ;106;100,7;4;103;1,5;6;2,2;7
40401;BAG-IN-BOX  10л Напівсолодке біле;Винлюкс ТМ;156,6;148,77;4;103;10;1;10,5;7
33317;Вазиани Цинандали бел. сух 0,75;Укримпорт;139;132,05;4;103;0,75;6;1,25;7
41370;Аджика "Гостра" 480г;Гурман ТМ;18;17,1;4;103;0,48;12;0,73;7
29547;К.  Борисфен  3 зір.  0.25  КАПІТАН-В;Таврия Премиум ТМ;30,55;29,51;4;103;0,25;15;0,49;7
22109;BAG-IN-BOX  3.0 Напівсолодке червоне;Винлюкс ТМ;83;78,85;4;103;3;4;3,32;8
15458;Сачіно  чер. н/сух. 0.75;ТбилВино;173,5;164,83;4;103;0,75;12;1,25;8
40347;Вино Карменер-Сіра чер.сух.0.75 Резерва Х.Бушон;Бушон ТМ;172;163,4;4;103;0,75;12;1,17;8
38123;Текіла  Sauza  Silver 0.7;Текила Сауза ТМ;585,5;556,23;4;103;0,7;6;1,2;8
32735;Кастель Барон Лірондо біл.н/сл 0,75;Винфорт ТМ;163,9;155,71;4;103;0,75;6;0,75;8
38259;ЖПШ Медіум Світ. Розе 0.75;Укримпорт;171,9;163,31;4;103;0,75;6;1,4;8
40916;Аліанца Вин Шардоне біле сух  0,75;Винфорт ТМ;49;46,55;4;103;0,75;6;1,25;8
39774;Віскі  Дюарс вайт лейбл 0,5;Баккарди элит;163;154,85;4;103;0,5;12;0,83;8
39229; К -як  Асканелі VSOP 0.5;БрАсканели;211;200,45;4;103;0,5;6;1,2;8
40944;Вино Chamboustin рожеве сухе 1л;Бодега ТМ;159;151,05;4;103;1;6;1,5;8
34886;Гато Негро "Москато" біл.н/сух. 0,75 Сан Педро;Гато Негро ТМ;138,6;131,67;4;103;0,75;6;1,17;9
39563;Гор. "Тарас" Карпатська 0,75 кер;Империя-С;179;170,05;4;103;0,75;9;1,45;9
40348;Вино Мальбек чер.сух.0.75 Резерва Х.Бушон;Бушон ТМ;172;163,4;4;103;0,75;12;1,17;9
7108;Арм. к- як 5 зір. 0.5 короб;Грейт Велли;309;293,55;4;103;0,5;12;0,83;9
18675;К.  "Alexx  Gold"  0.5  б/тубуса;Таврия Премиум ТМ;145,6;138,32;4;125;0,5;6;0,83;9
28423;Коника  Портвейн червоний 0,75;Массандра(сувенир.);157,8;149,91;4;103;0,75;12;1,57;9
30815;Вино ігр."Henkell Trocken";Столичный Импорт;159;151,05;4;103;0,75;6;1,5;9
32739;Кастель Барон Лірондо чер.п/сух 0,75;Винфорт ТМ;163,9;155,71;4;103;0,75;6;0,75;9
21687;К.  "Alexx  Platinum"  0.5  б/тубуса;Таврия Премиум ТМ;195;185,25;4;125;0,5;6;0,83;9
34272;Испания Бланко семидульче бел.п/сл 0,75;Укримпорт;105,9;100,61;4;103;0,75;1;1,15;9
39576;Віскі  Grant's Sherry Cask 0,05 сув.;Грантс ТМ;32,11;30,5;4;103;0,05;1;0,14;9
34355;Испания Тинто секо кр. сух. 0,75;Укримпорт;105,9;100,61;4;103;0,75;1;1,25;9
21643;Абсент  Вінсент  1.0;Брендбар ТМ;252;239,4;4;103;1;6;1,982;9
33326;Аліанца Вин Кагор Штоф чер. дес. 0,75;Винфорт ТМ;99;94,05;4;103;0,7;6;1,357;9
28474;Віскі  Дюарс Вайт Лейбел 0,375;Баккарди элит;113,5;107,83;4;103;0,375;1;0,72;9
18446;К.  "Alexx  Silver"  0.5  б/тубуса;Таврия Премиум ТМ;117;111,15;4;125;0,5;6;0,83;9
37911;Комрат Кагор дес. кр. 0,75;Укримпорт;110,9;105,36;4;103;0,75;6;1,3;9
34268;Италия Россо амабиле VdT 0.75 кр. п/сл 0,75;Укримпорт;120,2;114,19;4;103;0,75;1;1,15;9
41588;Грейп Гріндер Вайлд Олів Шенін Блан 0,75л;Винфорт ТМ;113;107,35;4;103;0,75;12;1,22;9
33757;Віскі  Роял Матч 0,5;Виски;102,2;97,09;4;103;0,5;1;0,88;9
41589;Грейп Гріндер Мілквуд Сіра Віоньє 0,75л;Винфорт ТМ;113;107,35;4;103;0,75;12;1,22;9
8093;Им.В.Душа Монаха кр.п/сл.0.7мешок;Укримпорт;99;94,05;4;103;0,7;6;1,175;10
37251;Лікер  Гранд  Маріньєр кордон руж 0.7;Ликеры;349,9;332,41;4;103;0,7;1;1,37;10
32950;BAG-IN-BOX  10л Изабелла рожеве н/сл.;Винлюкс ТМ;185,7;176,42;4;103;10;1;10,5;10
34058;Гато Негро чер. н/сл 0,75;Гато Негро ТМ;179,9;170,91;4;103;0,75;6;1,175;10
23307;Хортиця  VIP  CLUB   Платінум 0.7;Хортица ТМ;96,8;91,96;4;103;0,7;6;1,12;10
34267;Италия Бьянко амабиле VdT бел. п/сл 0,75;Укримпорт;120,2;114,19;4;103;0,75;1;1,2;10
14616;Текіла  Sauza  Gold  0.5;Текила Сауза ТМ;336,3;319,49;4;103;0,5;12;0,89;10
28671;Вино Боч.Тамянка 10л;Чизай;224;212,8;4;103;10;1;11;10
9568;Русский Стандарт Оригинал 0.5;Русский Стандарт ТМ;124,99;118,74;4;103;0,5;12;0,83;10
39293;Гор. "Карпатська "ВДВ" 0,25 екс.сув.кер;Империя-С;139,9;132,91;4;103;0,25;9;0,8;10
41261;Горілка Зелений день Діскавері 0,7;Зеленый день ТМ;141;133,95;4;103;0,7;6;1,5;10
41563;Набор Ром  Баккарді  Окхарт 0.5+2 колы;Ром Баккарди ТМ;176,2;167,39;4;103;3;1;2,05;10
32311;Вино ігр."Furst von Metternich Riesling";Столичный Импорт;93,9;89,21;4;103;0,75;6;1,7;10
20423;К. Георгієвський  Кавалер  0.05 в туб;Таврия Премиум ТМ;42;39,9;4;103;0,05;24;0,05;10
40403;BAG-IN-BOX  10л Шардоне біле сухе;Винлюкс ТМ;179,9;170,91;4;103;10;1;10,5;10
41587;Адаті Мукузані чер сухе 0,75л;Винфорт ТМ;87;82,65;4;103;0,75;6;1,25;10
40404;BAG-IN-BOX  10л Каберне червоне сухе;Винлюкс ТМ;199,9;189,91;4;103;1;1;10,5;10
40610;Напій на ос. Мартіні Рояль Белліні 0.75;Мартини ТМ;159;151,05;4;103;0,75;6;1,52;10
35266;Гато Негро "Піно Гріджіо" біле сух. 0,75 Сан Педро;Гато Негро ТМ;179,9;170,91;4;103;0,75;6;1,3;10
39485;6,0 Карп.Джерельна негаз.;Карпат.мин.водыТМ;18,5;17,58;4;103;6;2;6,1;10
17179;Арм. к- як 4 зір. 0.5 в короб;Грейт Велли;293;278,35;4;103;0,5;12;0,83;11
33386;Віскі  Дюарс 1.0 12 років у коробці;Баккарди элит;559;531,05;4;103;1;6;1,7;11
37870;Джим  Бім  Ред Стаг Блек Черрі 0.7;Джим Бим ТМ;458,37;435,45;4;103;0,7;6;1,12;11
34059;Гато Негро біл. н/сл 0,75;Гато Негро ТМ;145,1;137,85;4;103;0,75;6;1,175;11
7104;Арм. к- як 3 зір. 0.5 в короб;Грейт Велли;255;242,25;4;103;0,5;12;0,83;11
26876;Віскі  Тічерс 1.0;Тичерз ТМ;465;441,75;4;103;1;12;1,53;11
37622;Курвуазьє  VSOP 0.7 п/у;Винфорт ТМ;1964,5;1866,28;4;103;0,7;1;1,36;11
33137;Горілка "Фаєрстартер" 0,7;Брендбар ТМ;165;156,75;4;103;0,7;6;0,72;11
32903;Бальзам Знахарський 0.5;Люботин Бальзам;39;37,05;4;103;0,5;20;0,93;11
40442;ЖПШ Медіум Світ Блан п/сл 0.75;Укримпорт;171,9;163,31;4;103;0,75;6;1,36;11
39809;Ром  Баккарді  1,0 8 років в туб;Ром Баккарди ТМ;497,2;472,34;4;103;1;1;1,7;11
34266;Италия Россо секко VdT 0.75 кр. сух. 0,75;Укримпорт;120,2;114,19;4;103;0,75;1;1,15;11
26557;Мадера  Массандра 0.7 1985г.;МассандраКолл.;544;516,8;4;122;0,7;1;1,12;12
41597;Пиво "ДойчХоф" Кельтське світле 0,5л;Пиво;9,95;9,45;4;125;0,5;1;1;12
40668;Напій вин."Наомі Гранат" 0.7;Таврия Премиум ТМ;36,4;34,58;4;125;0,7;1;1;12
41603;Уманьпиво Жигулівське 0,5 скло;Умань Пиво;9,62;9,14;4;125;0,5;1;1;12
11722;Вино Перлина  Інкерману біл. 0.75  Інкерман;Инкерман;50,08;47,58;4;125;0,75;12;1,25;12
11548;Вино Кагор  Український 0.75 Інкерман;Инкерман;41,65;39,57;4;125;0,75;12;1,23;12
33261;Коньяк  "Jatone" 5 лет 0,5;Таврия Премиум ТМ;82,36;78,24;4;125;0,5;12;0,5;12
6223;Вино Каберне  Качинське  0.75 Інкерман;Инкерман;59,84;56,85;4;125;0,75;12;1,25;12
32639;Вино Кримська Рів’єра чер. н/сол 0.75;Инкерман;35,63;33,85;4;125;0,75;12;1,25;12
35952;Вино Рислінг Інкерман 0.75  WMS;Инкерман WMS;39,07;37,12;4;125;0,75;12;1,25;12
40400;BAG-IN-BOX  10л Лідія рожеве н/сл;Винлюкс ТМ;185,9;176,61;4;103;10;1;10,5;12
23207;Вино Мерло - Каберне чер. сух. 0.75 Інкерман;Инкерман;36,39;34,57;4;125;0,7;12;1,3;12
37253;Напій вин."Наомі черв. слива" 0.7;Таврия Премиум ТМ;36,4;34,58;4;125;0,7;12;1,25;12
41015;Пиво Bear Beer 5% 0,66 скло;Пиво;33,41;31,74;4;125;0,66;0;1;12
39134;Віскі  Джим  Бім  0.5  Вайт (бурбон);Джим Бим ТМ;336,3;319,49;4;103;0,5;12;0,83;12
32441;Вино Кримська Рів’єра біл. н/сол 0.75;Инкерман;35,22;33,46;4;125;0,75;12;1,71;12
41608;Уманьпиво Пшеничне 1,0;Умань Пиво;14,17;13,46;4;125;1;1;1;12
35947;Вино Мерло Інкерман 0.75  WMS;Инкерман WMS;44,66;42,43;4;125;0,75;12;1,27;12
38567;Вино Піно Нуар Інкерман 0,75 WMS;Инкерман WMS;42,56;40,43;4;125;0,75;12;1,25;12
24062;KАН003  Саперави красн. сух. 3.0;Кахури ТМ;226;214,7;4;103;3;1;3,2;12
20208;Зимова Столиця Ультрамарин 0,5 сув.кор.;Хельсинки ТМ;119;113,05;4;103;0,5;12;1;12
37987;Вино Піно Гріджио Інкерман  0.75  WMS;Инкерман WMS;39,07;37,12;4;125;0,75;12;1,25;12
41334;К.  "Alexx  Silver"  0.375  в коробке;Таврия Премиум ТМ;99,71;94,72;4;125;0,375;1;1;12
41598;Пиво "ДойчХоф" Бюргерське 0,5л;Пиво;10,34;9,82;4;125;0,5;1;1;12
29066;К.  Борисфен  3 зір.  0.5  КАПІТАН-В;Таврия Премиум ТМ;59,01;59,01;4;125;0,5;12;0,9;12
6225;Вино Бастардо  Старий Крим чер. сух. 0.75 Інкерман;Инкерман;37,73;35,84;4;125;0,75;12;1,23;12
41606;Уманьпиво Вайсбург 1,0;Умань Пиво;13,91;13,21;4;125;1;1;1;12
41604;Уманьпиво Копчене 0,5 скло;Умань Пиво;10,66;10,13;4;125;0,5;1;1;12
41476;Вино Інкерман Нуво біл. сух. 0.75  Інкерман;Инкерман;40,78;38,74;4;125;0,75;1;1;12
11256;Вино Древній  Херсонес чер. н/сол. 0.75 Інкерман;Инкерман;40,31;38,29;4;125;0,75;12;1,23;12
33259;Коньяк  "Jatone" 3 года 0,5;Таврия Премиум ТМ;69,36;65,89;4;125;0,5;12;0,5;12
27238;Вино Мерло Качинське чер. сух. 0.75  Інкерман;Инкерман;38,22;36,31;4;125;0,75;12;1,25;12
25514;Вино Шардоне Качинське біл.сух. 0.75 Інкерман;Инкерман;35,8;34,01;4;125;0,75;12;1,23;12
35953;Вино Мускат Інкерман 0.75  WMS;Инкерман WMS;42,56;40,43;4;125;0,75;1;1,27;12
35948;Вино Каберне Інкерман 0.75  WMS;Инкерман WMS;44,66;42,43;4;125;0,75;12;1,25;12
35951;Вино Шардоне Інкерман 0.75  WMS;Инкерман WMS;39,07;37,12;4;125;0,75;1;1,27;12
15685;К.  "Alexx  Gold"  0.375  в тубусі;Таврия Премиум ТМ;138,71;131,77;4;125;0,375;12;0,46;12
11255;Вино Рубін  Херсонесу чер. сух. 0.75  Інкерман;Инкерман;37,39;35,52;4;125;0,75;12;1,25;12
29465;К.  Борисфен  5 зір.  0.5  КАПІТАН-В;Таврия Премиум ТМ;69;69;4;125;0,5;12;0,89;12
41605;Уманьпиво Жигулівське 1,0;Умань Пиво;13,65;12,97;4;125;1;1;1;12
36637;Вино Ркацителі Інкерман  0.75  WMS;Инкерман WMS;39,07;37,12;4;125;0,75;12;1,25;12
41607;Уманьпиво Пшеничне 0,5 скло;Умань Пиво;10,08;9,58;4;125;0,5;1;1;12
35950;Вино Розе Інкерман 0.75  WMS;Инкерман WMS;42,56;40,43;4;125;0,75;12;1,25;12
11724;Вино Інкерман біл. н/сух. 0.75  Інкерман;Инкерман;38,56;36,63;4;125;0,75;12;1,23;12
41529;Віскі  Clan MacGregor 0,7 в кор.;Грантс ТМ;156,69;148,86;4;125;0,7;1;1;12
39615;Віскі  Clan MacGregor 0,7;Грантс ТМ;145,05;137,8;4;125;0,7;12;1,08;12
37258;Мартіні  Асті  0.75 Святковий;Мартини Асти;194,5;184,78;4;103;0,75;6;1,62;12
41611;Уманьпиво Янтарне Уманське 1,0;Умань Пиво;13,65;12,97;4;125;1;1;1;12
18198;Курвуазьє  VSOP 0.5 фляга;Винфорт ТМ;1079;1025,05;4;103;0,5;12;0,83;12
41609;Уманьпиво Медове 2002  0,5 скло;Умань Пиво;10,53;10;4;125;0,5;1;1;12
28703;Вино Легенда Інкерману біл. н/сол. 0.75  Інкерман;Инкерман;38,48;36,56;4;125;0,75;12;1,25;12
41520;Коньяк  "Jatone Excellent" 0,7;Таврия Премиум ТМ;312;296,4;4;125;0,7;1;1;12
41175;Напій алк.міцний "Жатон білий";Таврия Премиум ТМ;65;61,75;4;125;0,75;1;1;12
39331;Коньяк  "Жатон Екстра" КВВЯ 0,5;Таврия Премиум ТМ;139,04;132,09;4;125;0,5;1;1;12
6227;Вино Старий  Нектар 0.75  Інкерман;Инкерман;41,65;39,57;4;125;0,75;12;1,23;12
5810;Вино Аліготе  Кримське 0.75 Інкерман;Инкерман;37,39;35,52;4;125;0,75;12;1,25;12
41610;Уманьпиво Уманське темне 0,5;Умань Пиво;10,66;10,13;4;125;0,5;1;1;12
26643;К.  Борисфен  4 зір. 0.5  КАПІТАН-В;Таврия Премиум ТМ;64,02;64,02;4;125;0,5;12;0,89;12
18740;К.  "Alexx  Platinum"  0.375  в тубусі;Таврия Премиум ТМ;173,36;164,69;4;125;0,375;12;0,72;12
16866;Сачіно  біл. н/сух. 0.75;ТбилВино;154,7;146,97;4;103;0,75;12;1,25;12
35949;Вино Сапераві Інкерман 0.75  WMS;Инкерман WMS;44,66;42,43;4;125;0,75;1;1,25;12
41602;Уманьпиво Вайсбург 0,5 скло;Умань Пиво;10,01;9,51;4;125;0,5;1;1;12
27122;Мускат бел. Ю.Б. 0.7 1975г.;МассандраКолл.;786;746,7;4;122;0,7;1;1,23;12
41477;Вино Інкерман Нуво чер. сух. 0.75  Інкерман;Инкерман;40,78;38,74;4;125;0,75;1;1;12
15876;К.  "Alexx  Silver"  0.375  в тубусі;Таврия Премиум ТМ;108,36;102,94;4;125;0,375;12;0,56;12
40641;Коньяк  "Jatone Легенда" 4 года 0,5;Таврия Премиум ТМ;75,4;71,63;4;125;0,5;1;1;12
11723;Вино Інкерман чер. н/сух 0.75  Інкерман;Инкерман;39,48;37,51;4;125;0,75;12;1,23;12
39298;Пиво Кубанское 1,5 Полтава;Полтава Пиво;16,99;16,14;4;103;1,5;6;1,58;12
36636;Вино Совіньйон-Ркацителі 0.75  WMS;Инкерман WMS;34,05;32,35;4;125;0,75;12;1,25;12
37254;Напій вин."Наомі біла слива" 0.7;Таврия Премиум ТМ;36,4;34,58;4;125;0,7;12;1,25;12
34275;Герм.Мозеланд Мол.любим.женщ.б.п/сл;Укримпорт;156,4;148,58;4;103;0,75;6;1,15;13
33596;Шамп. Артем. біл. брют 0.2;Артем.ЗШВ;26,9;25,56;4;103;0,2;6;0,42;13
21644;Абсент  Вінсент  0.7;Брендбар ТМ;178;169,1;4;103;0,7;6;1,678;13
39555;Алк.напій Джим  Бім  0.7  Хані;Джим Бим ТМ;439;417,05;4;103;0,7;6;1,1;13
37278;Вермут Totino peach;Столичный Импорт;69;65,55;4;103;1;6;1,65;13
39152;Столічная Шоколад Малина 0,7;Столи ТМ;192,98;183,33;4;103;0,7;12;1,17;13
40943;Вино Chamboustin біле сухе 1л;Бодега ТМ;159;151,05;4;103;1;6;1,5;13
39758;Напій на ос. Мартіні Рояль Розато 0.75;Мартини ТМ;159;151,05;4;103;0,75;6;1,53;14
21576;Кокт. винн. "Сангрія  Тропік" 0.75;Дон Диего Сангрия ТМ;32,99;31,34;4;103;0,75;12;1,332;14
40686;Горілка "Житомирський стандарт"сув набір 0,7л 38%;Житомирский ЛВЗ;110;104,5;4;103;0,7;10;1,6;14
39612;Віскі  Санторі Олд Віскі  0,7;Винфорт ТМ;579;550,05;4;103;0,7;6;1,2;14
28672;Вино Боч.Ізабелла  дес.10л;Чизай;339;322,05;4;103;10;1;11;14
39321;Віскі  Джим  Бім  1.0  Вайт (бурбон);Джим Бим ТМ;564;535,8;4;103;1;6;1,45;14
21573;Кокт. винн. "Дон Дієго Сангрія Мускат" 0.75;Дон Диего Сангрия ТМ;32,99;31,34;4;103;0,75;12;1,332;15
26644;К.  Борисфен  4 зір. 0.25  КАПІТАН-В;Таврия Премиум ТМ;34,71;32,97;4;125;0,5;15;0,49;15
22875;Віскі  Джеймсон  1.0;Виски;725;688,75;4;103;1;6;1,65;15
29547;К.  Борисфен  3 зір.  0.25  КАПІТАН-В;Таврия Премиум ТМ;30,55;29,51;4;125;0,25;15;0,49;15
29548;К.  Борисфен  5 зір.  0.25  КАПІТАН-В;Таврия Премиум ТМ;38,16;36,25;4;125;0,25;15;0,49;15
40611;Аперитив Мартіні Біттер 1,0;Мартини ТМ;147;139,65;4;103;1;6;1,65;15
11240;Мартіні  Екстра Драй  1.0;Мартини ТМ;147,7;140,32;4;103;1;12;1,53;15
40945;Вино Chamboustin червоне сухе 1л;Бодега ТМ;159;151,05;4;103;1;6;1,5;15
33262;Коньяк  "Jatone" 5 лет 0,25;Таврия Премиум ТМ;45,31;43,04;4;125;0,25;16;0,25;16
33462;З.Кахети Алаз. долина бел.п/сл 0,75;Укримпорт;129,9;123,41;4;103;0,75;12;1,3;16
13963;Алазанська  Долина біл. н/сол. 0.75;ТбилВино;142;134,9;4;103;0,75;12;1,25;16
41265;Кам'янский Глінтвейн Альпійский стол.черв. 0,75;Инкерман;36,5;34,68;4;103;0,75;12;1,2;16
33260;Коньяк  "Jatone" 3 года 0,25;Таврия Премиум ТМ;38,16;36,25;4;125;0,25;16;0,25;16
41521;Коньяк  "Жатон Екстра" ХО 0,25;Таврия Премиум ТМ;65;61,75;4;125;0,25;1;1;16
41519;Коньяк  "Jatone Легенда" 4 года 0,25;Таврия Премиум ТМ;34,71;32,97;4;125;0,25;1;1;16
28216;Ром  Баккарді  Голд 1.0;Ром Баккарди ТМ;299,9;284,91;4;103;1;12;1,8;17
33466;Горілка Князь 0,7;Князь ТМ;117,7;111,82;4;103;0,7;6;1,23;17
39558;Віскі  Grant's Family Reserve 0,5;Грантс ТМ;165,59;157,31;4;103;0,5;1;0,95;17
34782;Касела Вайнс"Єллоу Теіл Мускат"бел.н/сол. 0,75;Винфорт ТМ;277,9;264,01;4;103;0,75;6;1,4;17
23533;Абсент  Вінсент  Преміум  0.7;Брендбар ТМ;190;180,5;4;103;0,7;6;1,668;18
34276;Герм.Мозеланд Черный Принц б.п/сл.;Укримпорт;99,9;94,91;4;103;0,75;6;1,25;18
39806;Коньяк Барон Отард VSOP 0,7 в коробці;Баккарди элит;579;550,05;4;103;0,7;6;1,47;18
29437;Шамп. "Українське" сл.рож.Гламур 0.75;Столичный КЗШВ;46,8;44,46;4;103;0,75;12;1,71;18
18135;Зимова Столиця Срібло 0,5 в пергаменті;Хельсинки ТМ;99,99;94,99;4;103;0,7;12;0,95;18
28199;Им.В.Кагор креп.дес.кр.0,7 дер. эт;Укримпорт;121,99;115,89;4;103;0,7;6;1,12;18
10999;Шамп. Артем. черв. н/сл. 0.75;Артем.ЗШВ;72,8;69,16;4;103;0,7;6;1,71;19
34338;З.Кахети Цинандали бел.сух. 0,75;Укримпорт;134,7;127,97;4;103;0,75;12;1,25;19
23440;ЖПШ Каберне Сіра чер.сухе 0.75;Укримпорт;171,4;162,83;4;103;0,75;6;1,36;19
39296;Гор. "Карпатська "Кума" 0,5 екс.сув.кер;Империя-С;167,2;158,84;4;103;0,5;9;1,25;19
40443;BAG-IN-BOX  3л Шардоне біле сухе;Винлюкс ТМ;89;84,55;4;103;3;4;3,32;20
41657;Пиво "Калуське Лагер темне" 15% 0.5;Пиво;11,16;10,6;4;125;0,5;1;1;20
41650;Пиво "Калуське Експортове До Московии" 12% 0.5;Пиво;9,88;9,39;4;125;0,5;1;1;20
41615;ЕСТОНIЯ A.LE COQ PREMIUM 0,5;Пиво;24,05;22,85;4;125;0,5;1;1;20
41654;Пиво "Калуське Лагер свiтле" 11% 0.5;Пиво;9,69;9,21;4;125;0,5;1;1;20
41656;Пиво "Калуське Лагер мiцне" 14% 0.5;Пиво;10,08;9,58;4;125;0,5;1;1;20
41652;Пиво "Калуське Експортове До Риги" 15% 0.5;Пиво;11,05;10,5;4;125;0,5;1;1;20
41655;Пиво "Калуське Лагер свiтле" 12% 0.5;Пиво;10,01;9,51;4;125;0,5;1;1;20
41005;ЕСТОНIЯ A.LE COQ SANDELS св.0,5;Пиво;29,97;28,47;4;125;0,5;0;1;20
41619;ЕСТОНIЯ A.LE COQ IMPERIAL Marzen 5% 0,4;Пиво;29,32;27,85;4;125;0,4;1;1;20
41617;ЕСТОНIЯ A.LE COQ Special  0,5 скло;Пиво;29,97;28,47;4;125;0,5;1;1;20
41620;ЕСТОНIЯ A.LE COQ IMPERIAL Golg 4,8% 0,4;Пиво;29,32;27,85;4;125;0,4;1;1;20
41010;ЕСТОНIЯ A.LE COQ IMPERIAL ALE 5% 0,4;Пиво;29,32;27,85;4;125;0,4;0;1;20
41653;Пиво "Калуське Експортове Жигулiвське" 0.5;Пиво;9,23;8,77;4;125;0,5;1;1;20
41618;ЕСТОНIЯ A.LE COQ Pils 4.8% 0,5;Пиво;17,94;17,04;4;125;0,5;1;1;20
18674;К. Георгієвський  Кавалер  0.7;Таврия Премиум ТМ;182,9;173,76;4;103;0,7;6;1,6;20
41651;Пиво "Калуське Експортове До Кракова" 14% 0.5;Пиво;10,08;9,58;4;125;0,5;1;1;20
41613;ЕСТОНIЯ LIDSKOJE 5.1%  0,5;Пиво;10,34;9,82;4;125;0,5;1;1;20
41649;Пиво "Калуське Експортове До Львова" 11% 0.5;Пиво;9,56;9,08;4;125;0,5;1;1;20
41624;ЕСТОНIЯ TOMMU HIID 4.7% світле 0,5л;Пиво;24,18;22,97;4;125;0,5;1;1;20
41612;ЕСТОНIЯ A.LE COQ PREMIUM Extra 0,5;Пиво;16,32;15,5;4;125;0,5;1;1;20
41621;ЕСТОНIЯ Viru premium Estonian Beer 5% 0.3;Пиво;21,06;20,01;4;125;0,3;1;1;20
41007;ЕСТОНIЯ ALEXANDER 5,2% 0,568;Пиво;30,68;29,15;4;125;0,568;0;1;20
40489;Шустрик Ситро  0,5;Шустрик ТМ;3,99;3,79;4;103;0,5;12;0,55;21
34650;Віскі  Роял Матч 1,0;Виски;195;185,25;4;103;1;1;1,45;21
40972;Горілка"Президентський стандарт" 38% 0,75 тубус;Житомирский ЛВЗ;107,5;102,13;4;103;0,75;12;1,4;21
6720;Мартіні  Россо  1.0;Мартини ТМ;147,7;140,32;4;103;1;12;1,53;21
33422;Вино Тамянка  1.0;Чизай (tetra);20,5;20;4;103;1;12;1,1;21
40942;Вино Шардоне сух бел 0,75л;Альма Де Чили ТМ;59,9;56,91;4;103;0,75;12;1,13;22
34417;Водка Украіна 1,0;Высший сорт ТМ;79,8;79,8;4;103;1;12;1,57;22
33388;Віскі  Дюарс вайт лейбл 1.0 у коробці;Баккарди элит;296;281,2;4;103;1;6;1,53;22
34345;Груз.Заст. Алазанская долина бел.п/сл. 0,75;Укримпорт;121,3;115,24;4;103;0,75;1;1,25;22
40070;Віскі  Scots Lion (CM&CO) 1,0 л.тубус;Скотс Лион ТМ;289,9;275,41;4;103;1;9;1,58;23
39565;Гор. "Карпатська "Доктор" 0,25 екс.сув.кер;Империя-С;139,9;132,91;4;103;0,25;9;0,9;23
37687;Сув."Перець" настоянка 0,5;Луга Нова (Сувенир);83,6;79,42;4;103;0,5;1;0,87;23
41632;Пиво White  Bear Lemon 0.33 ж/б;Пиво;9,82;9,33;4;125;0,33;1;1;24
41623;ЕСТОНIЯ SAAREMAA TUULIK PINT 4.7% 0,568;Пиво;19,89;18,9;4;125;0,568;1;1;24
41008;ЕСТОНIЯ ALEXANDER Pinte св.5,2% 0,568;Пиво;27,56;26,18;4;125;0,568;0;1;24
41014;Пиво Bear Beer 5% WHAT 0,5 ж/б;Пиво;23,14;21,98;4;125;0,5;0;1;24
41629;Пиво White  Bear Apple 0.33 скло;Пиво;11,18;10,62;4;125;0,33;1;1;24
41614;ЕСТОНIЯ A.LE COQ PREMIUM Export 0,33 ж/б;Пиво;17,68;16,8;4;125;0,33;1;1;24
41648;Пиво Harboe Gold 5,9% 0.5 ж/б;Пиво;15,28;14,52;4;125;0,5;1;1;24
41616;ЕСТОНIЯ A.LE COQ Special 5.2% 0,5 ж/б;Пиво;14,24;13,53;4;125;0,5;1;1;24
22017;BAG-IN-BOX  3.0 Мускат Царський біле н/сл;Винлюкс ТМ;83;78,85;4;103;3;4;3,32;24
41626;Пиво Bear Beer 7,7% 0,33 з/б;Пиво;11,96;11,36;4;125;0,33;1;1;24
41622;ЕСТОНIЯ SAAREMAA TUULIK 5.2% світле 0,5л;Пиво;17,68;16,8;4;125;0,5;1;1;24
41634;Пиво White  Bear Peach 0.33 ж/б;Пиво;12,94;12,29;4;125;0,33;1;1;24
41009;ЕСТОНIЯ LIDSKOJE 4.8% ж/б 0,5;Пиво;25,29;24,03;4;125;0,5;0;1;24
41627;Пиво White  Bear Classic 0.33 скло;Пиво;17,81;16,92;4;125;0,33;1;1;24
41628;Пиво White  Bear Apple 0.33 ж/б;Пиво;9,88;9,39;4;125;0,33;1;1;24
41107;Пиво White  Bear Classic 0.33 ж/б;Пиво;12,94;12,29;4;125;0,33;0;1;24
41006;ЕСТОНIЯ A.LE COQ PREMIUM 0,5 ж/б;Пиво;25,94;24,64;4;125;0,5;0;1;24
41012;Пиво Bear Beer 5% ж/б 0,33;Пиво;14,76;14,02;4;125;0,33;0;1;24
39564;Гор. "Даішник" Карпатська 0,25 кер;Империя-С;139,9;132,91;4;103;0,25;9;0,9;24
41647;Пиво Harboe Red Beer 4,6% 0.33 ж/б;Пиво;10,01;9,51;4;125;0,33;1;1;24
41021;Пиво Bear Beer 12% ж/б 0,5;Пиво;25,42;24,15;4;125;0,5;0;1;24
41011;Пиво Bear Beer 4,2% ж/б 0,5;Пиво;20,35;19,33;4;125;0,5;0;1;24
41637;Пиво White  Bear Strawberry 0.33 ж/б;Пиво;16,25;15,44;4;125;0,33;1;1;24
41633;Пиво White  Bear Lemon 0.33 скло;Пиво;11,18;10,62;4;125;0,33;1;1;24
41639;Пиво White  Bear Strawberry 0.33 скло;Пиво;11,18;10,62;4;125;0,33;1;1;24
41625;Пиво Bear Beer 5% скло 0,33;Пиво;11,83;11,24;4;125;0,33;1;1;24
40963;Гор. "Карпатська "Саксафон" 0,5 екс.сув.кер;Империя-С;167,3;158,94;4;103;0,5;9;1,5;24
41016;Пиво Bear Beer 7,7% ж/б 0,5;Пиво;22,17;21,06;4;125;0,5;0;1;24
41019;Пиво Bear Beer 9% ж/б 0,5;Пиво;22,82;21,68;4;125;0,5;0;1;24
33679;Шамп. Артем. біл. н/сл. 0.2;Артем.ЗШВ;26,9;25,56;4;103;0,2;6;0,43;24
41631;Пиво White  Bear Energy 0.33 скло;Пиво;12,87;12,23;4;125;0,33;1;1;24
41013;Пиво Bear Beer 5% ж/б 0,5;Пиво;21,26;20,2;4;125;0,5;0;1;24
41630;Пиво White  Bear Energy 0.33 ж/б;Пиво;12,94;12,29;4;125;0,33;1;1;24
39559;Віскі  Clan MacGregor 0,5;Грантс ТМ;104,95;99,7;4;125;0,5;1;0,89;24
41635;Пиво White  Bear Peach 0.33 скло;Пиво;12,87;12,23;4;125;0,33;1;1;24
34271;Испания Бланко секо бел.сух. 0,75;Укримпорт;105,9;100,61;4;103;0,75;1;1,15;25
39292;Гор. "Карпатська "Богдан" 0,5 екс.сув.кер;Империя-С;167,3;158,94;4;103;0,5;9;1,3;25
41530;Вино Совіньон  Кримський 0.2  Інкерман;Инкерман;9,23;8,77;4;125;0,2;25;1;25
40684;Горілка"Чуднів" 0,7л;Чуднов ТМ;59,9;56,91;4;103;0,7;12;1,15;25
9732;Вино Чизай  Мушкотай н/сол. 0.5;Чизай;22,9;21,76;4;103;0,5;12;0,85;25
35950;Вино Розе Інкерман 0.75  WMS;Инкерман WMS;42,56;40,43;4;103;0,75;12;1,25;25
39333;Горілка особа "Дикая утка Vip" 0,25;Дикая Утка ТМ;29,99;28,49;4;103;0,25;30;0,5;26
41347;Гор. "Кинжал мисливський" Карпат 0,1 кер;Империя-С;102,9;97,76;4;103;0,1;9;0,6;27
34344;Груз.Заст. Алазанская долина кр.п/сл. 0,75;Укримпорт;138,9;131,96;4;103;0,75;1;1,25;28
5405;Ц. Дача  Кагор П.Б. 0.75;Массандра(сувенир.);196,9;187,06;4;103;0,75;6;1,526;28
22016;BAG-IN-BOX  3.0 Напівсолодке біле;Винлюкс ТМ;83,9;79,71;4;103;3;4;3,43;28
33420;Вино Ізабелла  Закарпат. н/сол рож .1.0;Чизай (tetra);21,3;20,24;4;103;1;12;1,1;30
22074;Ром  Баккарді  Голд 0.75;Ром Баккарди ТМ;233,8;222,11;4;103;0,75;12;1,2;30
34864;Пиво Ячмінний колос 1,5 Полтава;Полтава Пиво;17,99;17,09;4;103;1,5;6;1,565;30
39295;Гор. "Карпатська "Кум" 0,5 екс.сув.кер;Империя-С;167,2;158,84;4;103;0,5;9;1,15;31
24286; К -як  Асканелі 6 річний 0.5;БрАсканели;269;255,55;4;103;0,5;12;0,96;31
33463;З.Кахети Алаз. долина кр.п/сл 0,75;Укримпорт;129,9;123,41;4;103;0,75;12;1,3;31
11398;Мартіні  Россо  0.5;Мартини ТМ;81,4;77,33;4;103;0,5;24;0,865;31
33464;З.Кахети Киндзмараули кр.п/сл 0,75;Укримпорт;189,9;180,41;4;103;0,75;12;1,3;32
38932;Коктейль Voila вишня;Столичный Импорт;87,6;83,22;4;103;0,75;6;1,55;33
41576;Вазі Алазанська Долина бел н/сол 3л;Винфорт ТМ;139;132,05;4;103;3;4;3,15;33
15706;Шамп. Крим  біл. брют 0.75;Артем.ЗШВ;77,5;73,63;4;103;0,75;6;1,71;33
6225;Вино Бастардо  Старий Крим чер. сух. 0.75 Інкерман;Инкерман;37,73;35,84;4;103;0,75;12;1,23;34
11253;Ч. Граф.  Мадера Кримська 0.5;Массандра(сувенир.);128,9;122,46;4;103;0,5;6;1,1;35
34337;З.Кахети Саперави кр.сух. 0,75;Укримпорт;129,9;123,41;4;103;0,75;12;1,25;35
39753;Мартіні  Розато  1.0;Мартини ТМ;147,9;140,51;4;103;1;12;1,53;36
40464;В/м Новотроїцька 1,0 негаз;Новотроицкая ТМ;4,75;4,51;4;103;1;9;1,07;36
38417;Горілка особа "Дикая утка Vip" 0,7;Дикая Утка ТМ;84,99;80,74;4;103;0,7;12;1,2;36
24037;Віскі  Джим  Бім  0.7  Вайт;Джим Бим ТМ;415;394,25;4;103;0,7;1;1,1;36
29465;К.  Борисфен  5 зір.  0.5  КАПІТАН-В;Таврия Премиум ТМ;69;69;4;103;0,5;12;0,89;36
40693;Киндзмараули красн.п/сл 0.75;Тамада ТМ;179,9;170,91;4;103;0,75;6;1,25;36
39757;Напій на ос. Мартіні Рояль Бьянко 0.75;Мартини ТМ;159;151,05;4;103;0,75;6;1,53;36
27667;Горілка Князя Голіцина;Масандра (водка);39,99;37,99;4;103;0,5;20;0,942;37
39581;Вино Шардоне біле сух 0,75 Конвенто В'єхо;Бушон ТМ;163;154,85;4;103;0,75;12;1,15;39
14137;Ром  Баккарді  Блек 0.5;Ром Баккарди ТМ;181,3;172,24;4;103;0,5;12;0,85;39
39580;Вино Совіньон Блан біле сух 0,75 Конвенто В'єхо;Бушон ТМ;163;154,85;4;103;0,75;12;1,15;40
31146;Вино Буссо біл. н/сол 0.75  Інкерман;Инкерман М.В.;26,04;24,74;4;103;0,75;12;1,25;40
29548;К.  Борисфен  5 зір.  0.25  КАПІТАН-В;Таврия Премиум ТМ;38,16;36,25;4;103;0,25;15;0,49;40
29781;Горілка"Другий рецепт" з ДЗ 1л сургуч;Традиции Качества ТМ;79,8;75,81;4;103;1;1;1,53;40
37276;Вермут Totino bianco;Столичный Импорт;69;65,55;4;103;1;6;1,65;41
11397;Мартіні  Екстра Драй  0.5;Мартини ТМ;81,9;77,81;4;103;0,5;12;0,83;41
45;Шамп. Крим  біл. н/сух. 0.75;Артем.ЗШВ;69,9;66,41;4;103;0,75;6;1,71;41
41234;0,5 Вода мін."Знаменівська" негаз.;Биола мин.вода ТМ;3,99;3,79;4;103;1,5;12;0,53;42
33518;Мартіні  Асті ігр.  0,2;Мартини Асти;58,22;55,31;4;103;0,2;1;0,47;42
37451;Шамп. України біле н/сол. 0.75  Черкаси;Черкасский ЛВЗ;33;31,35;4;103;0,75;12;1,37;43
32641;Ром  Баккарді  Суперіор 0.5;Ром Баккарди ТМ;163,9;155,71;4;103;0,5;12;0,85;44
23696;Шамп. "Українське" н/сл. 0.75;Столичный КЗШВ;46,8;44,46;4;103;0,75;12;1,71;45
40480;Шустрик Лимонад 1,5;Шустрик ТМ;7,99;7,59;4;103;1,5;6;1,58;45
33519;Мартіні  Асті  ігр. 0.375;Мартини Асти;104,9;99,66;4;103;0,375;12;0,87;46
34867; К- як  Тигран 7 річний 0.5 п/у;Тигран ТМ;399;379,05;4;103;0,5;12;1,16;46
41244;2,0 Біола "Ситро";Биола ТМ;9,9;9,41;4;103;2;6;2,15;48
22963;К.  "Alexx  Gold"  0.05;Таврия Премиум ТМ;37,51;35,63;4;125;0,05;48;0,1;48
23142;Вино Чизай  Мушкотай  н/сол. 0.7;Чизай;28,7;27,27;4;103;0,7;12;1,23;48
34865; К- як  Тигран 4 річний 0.5 п/у;Тигран ТМ;269;255,55;4;103;0,5;1;1,16;49
34866; К- як  Тигран 5 річний 0.5 п/у;Тигран ТМ;285;270,75;4;103;0,5;12;1,16;49
41208;Вино Каберне  сухе 0.75;Чизай Limited;63,7;60,52;4;103;0,75;6;1,22;49
38933;Коктейль Voila персик;Столичный Импорт;87,6;83,22;4;103;0,75;6;1,55;49
39386;Горілка Вільна пшен.0,25 штоф;Вильна штоф ТМ;19,99;18,99;4;103;0,25;30;0,52;50
40807;Вино Українська ніч чер.дес.0,75л;Винлюкс ТМ 0,75;32;30,4;4;103;0,75;12;1,23;50
26644;К.  Борисфен  4 зір. 0.25  КАПІТАН-В;Таврия Премиум ТМ;34,71;32,97;4;103;0,5;15;0,49;50
24287; К -як  Асканелі 8 річний 0.5;БрАсканели;309;293,55;4;103;0,5;12;0,96;51
31479;Вермут Слива 0.5;Любий Край ТМ;13,5;12,83;4;103;0,5;20;0,83;51
23284;Вино Чизай  Харшлевелю н/сол. 0.7;Чизай;26,9;25,56;4;103;0,7;12;1,23;51
37277;Вермут Totino cherry;Столичный Импорт;69;65,55;4;103;1;6;1,65;51
40939;Вино Каберне Совиньон сух кр 0,75л;Альма Де Чили ТМ;59,9;56,91;4;103;0,75;12;1,13;52
20786;Вино Кагор  Український №6  0.7;Премиум Вин;37;35,15;4;103;0,7;12;1,319;52
39760;Ром  Баккарді  Окхарт 0.7;Ром Баккарди ТМ;209,9;199,41;4;103;0,7;6;1,13;52
40978;Горілка"Чуднів Лимон" 0,5л;Чуднов ТМ;44,6;42,37;4;103;0,5;20;0,79;55
17134;Вино Мускатне 1.0;Чизай (tetra);22;20,9;4;103;0,7;12;1,1;55
38727;Горілка Зелений день 0.2;Зеленый день ТМ;26,7;25,37;4;103;0,2;20;0,45;55
29066;К.  Борисфен  3 зір.  0.5  КАПІТАН-В;Таврия Премиум ТМ;59,01;59,01;4;103;0,5;12;0,9;55
26643;К.  Борисфен  4 зір. 0.5  КАПІТАН-В;Таврия Премиум ТМ;64,02;64,02;4;103;0,5;12;0,89;57
34863;Пиво Жигулівське 1,5л.Полтава;Полтава Пиво;17,5;16,63;4;103;1,5;6;1,575;60
41699;Настоянка "Зе Хайленд Фокс" 0,25;Златогор;33,99;32,29;4;103;1;30;0,55;60
40979;Горілка"Чуднів Апельсин" 0,5л;Чуднов ТМ;44,6;42,37;4;103;0,5;20;0,79;61
31607;Козацька Рада "Класична" 0,75л;Цельсий;68,8;65,36;4;103;0,75;12;1,425;61
40570;Вино ігр рож н/сол Mirabella Rosato 0.75;Мирабелла ТМ;89,9;85,41;4;103;0,75;1;1,25;62
9730;Вино Чизай Фурмінт н/сол. 0.5;Чизай;22,9;21,76;4;103;0,5;12;0,85;62
39520;Гор. "Рушниця" Карпатська 0,5 кер;Империя-С;184,5;175,28;4;103;0,5;10;1,8;63
41331;Каберне червоне сухе 0,75;Чизай Шато;64,9;61,66;4;103;0,75;6;1,22;63
39568;Столічная Night Edition 0,7;Столи ТМ;231;219,45;4;103;0,7;6;1,15;64
40091;Віскі  Scots Lion (CM&CO) 0,7 л.тубус;Скотс Лион ТМ;239;227,05;4;103;0,7;9;1,1;64
26144;Вино Золотий нарцис біл. дес.0.7;Чизай;31,9;30,31;4;103;0,7;12;1,23;64
21182;Вино Чизай Фурмінт н/сол. 0.7;Чизай;28,7;27,27;4;103;0,7;12;1,12;65
18738;К. Георгієвський  Кавалер  0.5 в туб КВВЯ;Таврия Премиум ТМ;165,9;157,61;4;103;0,5;6;1,2;65
40544;Сув.Крымский (Скиф+Симф+Н.Скиф.) 100гр;Традиции Кач.мар.к-к;72,99;69,34;4;103;0,1;1;1,3;66
9731;Вино Чизай  Харшлевелю н/сол. 0.5;Чизай;22,9;21,76;4;103;0,5;12;0,85;66
40810;Пиво Діжка нефільтрованого 1,42 Полтава;Полтава Пиво;18,5;17,58;4;103;1;6;1,45;66
35306; К -як  Асканелі 4 річний 0.25;БрАсканели;117;111,15;4;103;0,25;24;0,49;69
40956;Вино Мускат Царський рожеве н/сл. 0,75;Винлюкс ТМ 0,75;21,7;20,62;4;103;0,75;12;1,19;69
33260;Коньяк  "Jatone" 3 года 0,25;Таврия Премиум ТМ;38,16;36,25;4;103;0,25;16;0,25;69
35304;Горілка Вільна срібна 0,5 штоф;Вильна штоф ТМ;39,9;37,91;4;103;0,5;20;0,83;70
41262;Горілка Органік Лайф  0.2;Зеленый день ТМ;26,8;25,46;4;103;0,2;20;0,45;70
38935;Коктейль Voila чорниця;Столичный Импорт;87,6;83,22;4;103;0,75;6;1,55;70
40635;Вино Чорна Графиня чер.н/сл. 0,75;Винлюкс ТМ 0,75;22,9;21,76;4;103;0,75;12;1,18;71
38131;Пиво Диканські вечори 1,5 Полтава;Полтава Пиво;20,2;19,19;4;103;1,5;6;1,58;71
41248;2,0 Біола "Чамбо";Биола ТМ;9,9;9,41;4;103;2;6;2,15;72
40636;Вино Лідія рож.н/сл. 0,75;Винлюкс ТМ 0,75;21,6;20,52;4;103;0,75;12;1,18;73
39756;Мартіні  Просекко  ігр. 0.75;Мартини Асти;194,5;184,78;4;103;0,75;6;1,6;75
31471;Вермут Апельсин 0.5;Любий Край ТМ;12,9;12,26;4;103;0,5;20;0,83;76
29794;Горілка Собєскі Срібло 0,7;Собески ТМ 0,7;75;71,25;4;103;0,7;12;1,12;77
31480;Вермут Смородина 0.5;Любий Край ТМ;13,5;12,83;4;103;0,5;20;0,83;78
35307; К -як  Асканелі 5 річний 0.25;БрАсканели;129;122,55;4;103;0,25;24;0,49;78
11256;Вино Древній  Херсонес чер. н/сол. 0.75 Інкерман;Инкерман;40,31;38,29;4;103;0,75;12;1,23;79
31469;Вермут Абрикос 0.5;Любий Край ТМ;12,9;12,26;4;103;0,5;20;0,78;79
21822;Шамп. Радянське  н/сл. 0.75  Черкаси;Черкасский ЛВЗ;33;31,35;4;103;0,75;12;1,661;80
37650;Горілка Зелений день Кленова 0.5;Зеленый день ТМ;53,9;51,21;4;103;0,7;20;0,9;80
41211;Вино Каберне  п/сл. 0.75;Чизай Limited;63,7;60,52;4;103;0,75;6;1,22;81
40895;Горілка "Житомирський стандарт" 0,7 38%;Житомирский ЛВЗ;42,9;40,76;4;103;0,7;12;1,17;82
20361;Вино Медвежа  Кров чер. н/сол. 0.7;Тарутинские Вина;24,9;23,66;4;103;0,7;12;1,236;82
40966;Гор. "Карпатська "Корона чорна" 0,5 екс.сув.кер;Империя-С;184,7;175,47;4;103;0,5;9;1,18;83
41215;Вино Трамінер біл. сух. 0.75;Чизай Limited;63,62;60,44;4;103;0,75;6;1,22;84
30931;Мартіні  Асті  ігр. 0.75 у коробці;Мартини Асти;205,9;195,61;4;103;0,75;1;1,71;84
22672;Вино Розе  н/сол. 0.7;Чизай;24,2;22,99;4;103;0,7;12;1,23;84
32941;Шамп. Артем. біл. н/сл. 0.75 чорн. єтик.;Артем.ЗШВ;59,9;56,91;4;103;0,75;6;1,71;84
28703;Вино Легенда Інкерману біл. н/сол. 0.75  Інкерман;Инкерман;38,48;36,56;4;103;0,75;12;1,25;85
41104;Горілка Грей Гуз 0.5;Баккарди элит;279;265,05;4;103;0,5;12;1,1;85
41207;Вино Совіньйон  сухе біле0.75;Чизай Limited;63,6;60,42;4;103;0,75;6;1,22;86
31389;Вино Бастардо черв.  н/сол. 0.7 ( нов.);Чизай;26,7;25,37;4;103;0,7;12;1,23;86
40417;Вино Кагор Оксамитний 0.75 Штоф;Винлюкс ТМ 0,75;35,99;34,19;4;103;0,75;12;1,39;88
40482;Шустрик Зі смаком яблука та ехінацеї 1,0;Шустрик ТМ;6,2;5,89;4;103;1;9;1,09;90
40467;В/м Новотроїцька 5,0 негаз,;Новотроицкая ТМ;15,2;14,44;4;103;5;2;5,07;91
32441;Вино Кримська Рів’єра біл. н/сол 0.75;Инкерман;35,22;33,46;4;103;0,75;12;1,71;91
19921;Вино Лідія  рож. дес. 0.7;Премиум Вин;32,6;30,97;4;103;0,7;12;1,313;91
21292;Вино Мон. Ізба  біл. н/сол. 0.7;Тарутинские Вина;23,5;22,33;4;103;0,7;12;1,236;92
41263;Горілка Органік Лайф  0.5;Зеленый день ТМ;54,9;52,16;4;103;0,5;20;0,9;94
33259;Коньяк  "Jatone" 3 года 0,5;Таврия Премиум ТМ;69,36;65,89;4;103;0,5;12;0,5;94
31475;Вермут Кава 0.5;Любий Край ТМ;13,5;12,83;4;103;0,5;20;0,83;95
40637;Вино Ізабелла рож.н/сл. 0,75;Винлюкс ТМ 0,75;23,1;21,95;4;103;0,75;12;1,18;95
29791;Горілка Собєскі 1,0;Собески ТМ 1,0;92,4;87,78;4;103;1;12;1,53;95
40448;Коника  Портвейн красн Ливадия 0,75;Массандра(сувенир.);157,8;149,91;4;103;0,75;1;1,5;95
39740;Віскі  Балвені  0,05 12 років сув. в туб.;Грантс ТМ;81,6;77,52;4;125;0,05;1;1;96
39486;0,5 Карп.Джерельна газ.;Карпат.мин.водыТМ;4,5;4,28;4;103;0,5;12;0,56;96
29790;Горілка Собєскі 0,7;Собески ТМ 0,7;69,9;66,41;4;103;0,7;12;1,12;96
40476;Шустрик Зі смаком яблука та ехінацеї 1,5;Шустрик ТМ;6,99;6,64;4;103;1,5;6;1,58;97
39763;Віскі  Вільям Лоусон'з  0.5;Баккарди элит;123,5;117,33;4;103;0,5;12;0,9;97
40634;Вино Кадарка чер.н/сл. 0,75;Винлюкс ТМ 0,75;21,7;20,62;4;103;0,75;12;1,18;97
28774;Вино Піно Нуар Кримський 0.75 Інкерман;Инкерман М.В.;27,87;26,48;4;103;0,75;12;1,23;99
23361;Вино Каберне  н/сол. 0.7 ( нов.);Чизай;26;24,7;4;103;0,7;12;1,23;100
40569;Вино ігр біле н/сол Mirabella Bianco 0.75;Мирабелла ТМ;89,9;85,41;4;103;0,75;1;1,25;100
40626;Вино BODEGA CAMPORROSO кр. н/сл. 0,75;Бодега ТМ;71,5;67,93;4;103;0,75;12;1,12;100
40472;В/п Аквілея 1,5  газ;Аквилея ТМ;4,2;3,99;4;103;1,5;6;1,57;102
41210;Вино Піно Нуар черв. н/сол. 0.75;Чизай Limited;63,6;60,42;4;103;0,75;6;1,22;102
32639;Вино Кримська Рів’єра чер. н/сол 0.75;Инкерман;35,63;33,85;4;103;0,75;12;1,25;103
40682;Горілка"Чуднів" 0,5л;Чуднов ТМ;44,6;42,37;4;103;0,5;20;0,79;103
33875;Ледофф Вінсон 0,5л;Ледофф ТМ;42,5;40,38;4;103;0,5;20;0,95;104
37110;Горілка Зелений день 0.5;Зеленый день ТМ;49;46,55;4;103;0,5;20;0,9;104
40624;Вино BODEGA CAMPORROSO бел. н/сл. 0,75;Бодега ТМ;71,5;67,93;4;103;0,75;12;1,12;105
32042;0,5 Вода мін."Знаменівська" газ.;Биола мин.вода ТМ;3,99;3,79;4;103;0,5;12;0,53;108
40633;Вино Мускат Царський біле н/сл. 0,75;Винлюкс ТМ 0,75;21,65;20,57;4;103;0,75;12;1,18;109
41214;Вино Трамінер біл. дес. 0.75;Чизай Limited;64,5;61,28;4;103;0,75;6;1,25;110
21511;Ш.Мас. Крим. Ігристе н/сух. 0.75 Мас.;Масандра шамп;35;33,25;4;103;0,75;12;1,77;110
18986;Вино Мон. Ізба  біл. н/сол. 0.7 ( нов.);Чизай;21,6;20,52;4;103;0,7;12;1,23;110
33230;Всеградская с Перцем 0,25;Люботин;19,95;19,95;4;103;0,25;30;0,46;110
16560;С.В. На берез. бруньках 0.2;С.- Виктан;19,99;18,99;4;103;0,2;30;0,4;110
41209;Вино Піно Блан біл. н/сол. 0.75;Чизай Limited;63,6;60,42;4;103;0,75;6;1,22;111
26646;К.  Георгієвський  5 зір. 0.5  Танк п/у;Таврия Премиум ТМ;91,2;86,64;4;103;0,5;9;1,05;114
28772;Вино Мускат Качинський 0.75 Інкерман;Инкерман М.В.;27,87;26,48;4;103;0,75;12;1,23;114
33878;Ледофф Єверест 0,5л;Ледофф ТМ;42,5;40,38;4;103;0,5;20;0,95;115
11723;Вино Інкерман чер. н/сух 0.75  Інкерман;Инкерман;39,48;37,51;4;103;0,75;12;1,23;115
33876;Ледофф Дюфур 0,5л;Ледофф ТМ;42,5;40,38;4;103;0,5;20;0,95;116
41698;Настоянка "Зе Хайленд Фокс" 0,5;Златогор;59,99;56,99;4;103;0,5;20;0,99;118
40621;Горілка "Житомирський стандарт клас" 0,7л;Житомирский ЛВЗ;63;59,85;4;103;0,7;12;1,15;120
39489;1,5 Карп.Джерельна газ.;Карпат.мин.водыТМ;6,8;6,46;4;103;1,5;6;1,57;120
37280;Вермут Totino tropical;Столичный Импорт;69;65,55;4;103;1;6;1,65;120
40837;Віскі  Вільям Лоусон'з  0.2;Баккарди элит;49,9;47,41;4;103;0,2;48;0,41;122
29303;Горілка Собєскі Срібло 0,5;Собески ТМ;50,4;47,88;4;103;0,5;12;0,834;122
39759;Ром  Баккарді  Окхарт 0.5;Ром Баккарди ТМ;139,9;132,91;4;103;0,5;12;0,82;123
41212;Вино Бастардо черв. дес. 0.75;Чизай Limited;65;61,75;4;103;0,75;6;1,25;124
29793;Горілка Собєскі Золото 1,0;Собески ТМ 1,0;109;103,55;4;103;1;12;1,53;124
41247;2,0 Біола "Смак апельсина";Биола ТМ;9,9;9,41;4;103;2;6;2,15;124
40466;В/м Новотроїцька 1,5 негаз,;Новотроицкая ТМ;5,5;5,23;4;103;1,5;6;1,5;124
39500; К -як  Асканелі VS 0.5 в тубусі;БрАсканели;203;192,85;4;103;0,5;1;1,1;127
29302;Горілка Собєскі Золото 0,5;Собески ТМ;52,4;49,78;4;103;0,5;12;0,834;128
41228;Немирів особлива 0,1 штоф;Немиров;13,5;12,83;4;103;0,1;30;0,25;130
33303;Житомирська на бруньках клас. 0,25;Житомирский ЛВЗ;21,9;20,81;4;103;0,25;30;0,45;136
34796; К- як  Тигран 3 річний 0.5 п/у;Тигран ТМ;248;235,6;4;103;0,5;12;1,15;136
31474;Вермут Журавлина 0.5;Любий Край ТМ;13,5;12,83;4;103;0,5;20;0,83;137
37468;Козацька Рада "Класична" 0,5л (+чарка);Цельсий;44,9;42,66;4;103;0,5;20;1,02;137
31476;Вермут Малина 0.5;Любий Край ТМ;13,5;12,83;4;103;0,5;20;0,83;138
31470;Вермут Ананас 0.5;Любий Край ТМ;12,9;12,26;4;103;0,5;20;0,83;138
33877;Ледофф Монблан 0,5л;Ледофф ТМ;42,5;40,38;4;103;0,5;20;0,95;140
21291;Вино Мон. Ізба чер. н/сол. 0.7;Тарутинские Вина;24,7;23,47;4;103;0,7;12;1,236;140
3665;Немирів особлива 0.5 штоф;Немиров;49;46,55;4;103;0,5;18;0,91;140
38859;Вино Шардоне біл сух 0,75;Чизай Элит;29,9;28,41;4;103;0,75;12;1,25;141
40899;Горілка"Президентський стандарт"(гуала) 38% 0,75;Житомирский ЛВЗ;99,7;94,72;4;103;0,75;12;1,27;142
33089;Житомирська на бруньках клас. 0,5;Житомирский ЛВЗ;44,6;42,37;4;103;0,25;20;0,78;142
41242;2,0 Біола "Icy Cola";Биола ТМ;9,9;9,41;4;103;2;6;2,15;142
2334;Немирів Укр.мед/перц. 0.5;Немиров;49,4;46,93;4;103;0,5;18;0,92;142
31472;Вермут Вишня 0.5;Любий Край ТМ;12,9;12,26;4;103;0,5;20;0,83;144
30824;Ром  Баккарді  Суперіор 1.0;Ром Баккарди ТМ;273,3;259,64;4;103;1;12;1,53;154
40683;Горілка"Чуднів" 0,25л;Чуднов ТМ;22,9;21,76;4;103;0,25;30;0,45;155
40479;Шустрик Мохіто 1,5;Шустрик ТМ;7,99;7,59;4;103;1,5;6;1,55;155
38934;Коктейль Voila полуниця;Столичный Импорт;87,6;83,22;4;103;0,75;6;1,55;155
21700;Ром  Баккарді  Блек 1.0;Ром Баккарди ТМ;312,5;296,88;4;103;1;12;1,5;156
38760;С/а Роял Мохито 0,33;Роял Фрут ТМ;8,99;8,54;4;103;0,33;12;0,65;156
40461;В/м Новотроїцька 0,5 сильногаз,;Новотроицкая ТМ;3,89;3,7;4;103;0,5;12;0,52;158
31478;Вермут Горобина 0.5;Любий Край ТМ;12,9;12,26;4;103;0,5;20;0,83;159
33879;Ледофф Єльбрус 0,5л настоянка;Ледофф ТМ;42,5;40,38;4;103;0,5;20;0,95;159
31072;Вино Шардоне біл. сух. 0,7;Тарутинские Вина;23,9;22,71;4;103;0,7;12;1,23;159
32912;Горілка"Другий рецепт" з ДЗ 0,5л;Традиции Качества ТМ;62,9;59,76;4;103;0,5;12;0,86;160
31477;Вермут Персик 0.5;Любий Край ТМ;13,5;12,83;4;103;0,5;20;0,83;163
20364;Вино Кадарка  чер. н/сол. 0.7;Тарутинские Вина;24,7;23,47;4;103;0,7;12;1,236;164
40692;Ркацители  0,75 біле сухе;Старий Тбілісі ТМ;83;78,85;4;103;0,75;6;1,15;166
39072;Вино Мерло  черв. сух. 0.75;Чизай Элит;29,9;28,41;4;103;0,75;12;1,27;166
30643;Хлібний Дар  Класична 0,37 Люкс;Хлебный Дар;34,9;33,16;4;103;0,37;24;0,7;168
41330;Вино Мускатне слабогаз біле п/сол 0,75л;Чизай Лошадка;63,6;60,42;4;103;0,75;12;1,3;168
35302;Горілка Вільна пшен.0,5 штоф;Вильна штоф ТМ;39,99;37,99;4;103;0,5;20;0,91;170
39566;Гор. "Нагородний пістолет" Карпат 0,1 кер;Империя-С;102,9;97,76;4;103;0,1;10;0,51;177
41216;Вино Каберне  сух. 0.75;Чизай Кошерне;63,7;60,52;4;103;0,75;12;1,22;178
19429;Вино Мускатне 0.7 ( нов.);Чизай;25,74;24,45;4;103;0,7;12;1,23;178
40632;Вино Тамянка біле н/сл. 0,75;Винлюкс ТМ 0,75;22,7;21,57;4;103;0,75;12;1,18;184
39464;К-як "Сімферополь" КС 0.1;Традиции Кач.мар.к-к;32,9;31,26;4;103;0,1;60;0,23;184
39099;Горілка "Men's Club" 0,7;Дикая Утка ТМ;82,9;78,76;4;103;0,7;12;1,2;185
23543;Кокур Каллістон 0.75 Мас.;Массандра;51,9;49,31;4;103;0,75;12;1,323;185
39521; К -як  Асканелі VSOP 0.5 в тубусі;БрАсканели;233;221,35;4;103;0,5;12;1,08;186
38612;Вино Совіньйон  0.75 ( нов.);Чизай Элит;29,9;28,41;4;103;0,75;12;1,25;188
40612;Оболонь Зіберт св 2,5;Оболонь;23,9;22,71;4;103;2,5;6;2,6;192
39764;Віскі  Вільям Лоусон'з  0.7;Баккарди элит;179;170,05;4;103;0,7;12;1,08;194
39761;Ром  Баккарді  Окхарт 1.0;Ром Баккарди ТМ;254,2;241,49;4;103;1;6;1,6;197
19918;Вино Сонце  в бокалі №4 біл. дес. 0.7;Тарутинские Вина;32;30,4;4;103;0,7;12;1,256;197
41217;Вино Мерло  черв. н/сух. 0.75;Чизай Кошерне;63,6;60,42;4;103;0,75;12;1,22;200
38937;Вино Сапераві  черв. сух. 0.75;Чизай Элит;29,9;28,41;4;103;0,75;12;1,27;201
40571;Вино ігр черв н/сол Mirabella Rosso 0.75;Мирабелла ТМ;89,9;85,41;4;103;0,75;1;1,25;202
24894;Хлібний Дар  Класична 0.2 Люкс;Хлебный Дар;20,9;19,86;4;103;0,2;30;0,418;203
29795;Горілка Собєскі Срібло 1,0;Собески ТМ 1,0;99,9;94,91;4;103;1;12;1,53;207
39484;2,0 Карп.Джерельна негаз. з ручк.;Карпат.мин.водыТМ;8,3;7,89;4;103;2;6;2,15;208
39465;К-як "Скіф" КВ 0,1;Традиции Кач.мар.к-к;23,99;22,79;4;103;0,1;60;0,23;212
20363;Вино Тамянка  біл. н/сол. 0.7;Тарутинские Вина;23,4;22,23;4;103;0,7;12;1,228;215
20360;Вино Лідія  рож. дес. 0.7;Тарутинские Вина;34,5;32,78;4;103;0,7;12;1,254;224
40617;Горілка"Президентський стандарт"(штоф) 38% 0,75;Житомирский ЛВЗ;165;156,75;4;103;0,75;10;1,65;234
41219;Вино Ізабелла  Закарпат. н/сол .1.0 мешк ( нов.);Чизай Домашняя кол-я;75,9;72,11;4;103;1;6;1,7;236
40380;Горілка"Пшенична" 0,100  Преміум;Люботин Премиум;9,99;9,49;4;103;0,1;45;0,23;238
41250;0,5 Біола Бананово-полуничний нектар;Биола сок ТМ;6,99;6,64;4;103;0,5;12;0,55;240
41218;Вино Каберне  н/сол. 0.75;Чизай Кошерне;63,7;60,52;4;103;0,75;12;1,22;242
22862;Вино Каберне чер. сух. 0.7;Тарутинские Вина;25,3;24,04;4;103;0,7;12;1,226;249
40463;В/м Новотроїцька 1,0 сильногаз,;Новотроицкая ТМ;4,75;4,51;4;103;1;9;1,07;254
41220;Вино Чизай  1.0 біл. н/сол мешк ( нов.);Чизай Домашняя кол-я;75,9;72,11;4;103;1;6;1,7;254
40619;Горілка "Житомирський стандарт клас" 0,25л;Житомирский ЛВЗ;22,9;21,76;4;103;0,25;30;0,45;254
40716;Горілка "Житомирський стандарт" 0,25 38%;Житомирский ЛВЗ;21,1;20,05;4;103;0,25;30;0,45;255
40488;Шустрик Лимонад 0,5;Шустрик ТМ;4,4;4,18;4;103;0,5;12;0,55;259
40717;Горілка "Житомирський стандарт" 0,5 38%;Житомирский ЛВЗ;42,9;40,76;4;103;0,5;20;0,79;262
39483;1,5 Карп.Джерельна негаз.;Карпат.мин.водыТМ;6,8;6,46;4;103;1,5;6;1,57;262
40158;Горілка"Пшенична" 0,100 Люботин;Люботин Классический;9,99;9,49;4;103;0,1;45;0,24;262
19947;С.В. Медофф  Класик 0.7;С.- Виктан;63,5;60,33;4;103;0,7;15;1,27;263
40159;Горілка Вільна класична 0,100л;Вильна штоф ТМ;9,99;9,49;4;103;0,1;45;0,24;263
39463;К-як "Неаполь Скіфський" КС 0.1;Традиции Кач.мар.к-к;36,5;34,68;4;103;0,1;60;0,23;265
12148;С.В. На берез. бруньках 0.5 оригінал;С.- Виктан;41,32;39,25;4;103;0,5;20;0,89;266
31473;Вермут Полуниця 0.5;Любий Край ТМ;13,5;12,83;4;103;0,5;20;0,83;266
20631;С.В. Медофф  Класик 1.0;С.- Виктан;87,99;83,59;4;103;1;12;1,7;269
39490;2,0 Карп.Джерельна слабогаз. з ручк.;Карпат.мин.водыТМ;8,5;8,08;4;103;2;6;2,15;270
28453;2,0 Біола "Лимонад";Биола ТМ;10,9;10,36;4;103;2;6;2,15;273
34706;С/а Роял Медовий 0,7;Роял Фрут ТМ;24,9;23,66;4;103;0,75;6;1,3;278
32961;Вино Чизай  0.7 черв. н/сол ( нов.);Чизай;24,3;23,09;4;103;0,7;12;1,23;284
39482;0,5 Карп.Джерельна негаз.;Карпат.мин.водыТМ;4,6;4,37;4;103;0,5;12;0,56;285
21388;0,5 Біола Вишневий нектар;Биола сок ТМ;7,5;7,13;4;103;0,5;12;0,55;287
40349;Нап. б/а  Апельсинія 0.75;Тили-Тили ТМ;17,9;17,01;4;103;0,75;6;1,65;301
40468;В/п Аквілея 1,0 газ;Аквилея ТМ;3,9;3,71;4;103;1;12;1,04;304
37778;С/а Роял Пряний 0,33 Збїтень;Роял Фрут ТМ;11,2;10,64;4;103;0,33;12;0,65;306
21420;1,25 Біола "Лимонад";Биола ТМ;7,5;7,13;4;103;1,25;8;1,35;307
21810;0,5 Біола Апельсиновий сік;Биола сок ТМ;7,5;7,13;4;103;0,5;12;0,55;308
40681;Горілка"Чуднів Прополіс" 0,5л;Чуднов ТМ;44,9;42,66;4;103;0,5;20;0,79;309
40620;Горілка "Житомирський стандарт клас" 0,5л;Житомирский ЛВЗ;46;43,7;4;103;0,5;20;0,79;309
40465;В/м Новотроїцька 1,5 сильногаз,;Новотроицкая ТМ;5,5;5,23;4;103;1,5;6;1,5;314
22079;0,25 Біола Мультивітамінний нектар;Биола сок ТМ;3,99;3,79;4;103;0,25;12;0,29;314
19099;Вино Сонце  в бокалі дес. 0.7 ( нов.);Чизай;31;29,45;4;103;0,7;12;1,2;317
25994;С.В. Наша Марка  Кедрова 0,5;С.- Виктан;39,99;37,99;4;103;0,5;20;0,8;319
38855;Вино Бастардо чер. дес. 0.75;Чизай Элит;41,6;39,52;4;103;0,75;12;1,25;321
41257;1,0 Біола Мультивітамінний нектар;Биола сок ТМ;11,6;11,02;4;103;1;12;1,09;324
33421;Вино Кадарка  н/сол. 1.0;Чизай (tetra);23,43;22,26;4;103;1;12;1,1;325
32414;С/а Роял Слива 0,35;Роял Фрут ТМ;8,99;8,54;4;103;0,35;12;0,72;334
40685;Горілка"Чуднів на калгані" 0,5л;Чуднов ТМ;45,9;43,61;4;103;0,5;20;0,79;336
6115;Вода Моршинская газ 1,5л;Моршанск;9,4;8,93;4;103;1,5;6;1,6;336
40622;С/а Роял Пряний 0,7 Збїтень;Роял Фрут ТМ;24,99;23,74;4;103;0,7;6;1,33;337
41256;1,0 Біола Апельсиновий сік;Биола сок ТМ;11,6;11,02;4;103;1;12;1,09;338
34705;С/а Роял Пуншевий 0,35;Роял Фрут ТМ;11,2;10,64;4;103;0,35;12;0,64;341
39488;1,5 Карп.Джерельна слабогаз.;Карпат.мин.водыТМ;6,8;6,46;4;103;1,5;6;1,57;342
39942;К-як Кримський  Резерв 5*0,5;Таврия Премиум ТМ;78,2;74,29;4;103;0,5;12;1,05;343
41315;Козацька Рада "Класична" 0,7л;Цельсий;68,5;65,08;4;103;0,7;12;1,3;348
40487;Шустрик Дюшес 0,5;Шустрик ТМ;4,4;4,18;4;103;0,5;12;0,55;359
26193;Хлібний Дар  Класична 0.5 Люкс;Хлебный Дар;43,5;41,33;4;103;0,5;20;0,95;360
39487;0,5 Карп.Джерельна слабогаз.;Карпат.мин.водыТМ;4,6;4,37;4;103;0,5;12;0,56;372
21532;Нап. б/а  Тілі - тілі фрукт. букет 0.75;Тили-Тили ТМ;17,9;17,01;4;103;0,75;6;1,681;372
14957; К -як  Асканелі 5 річний 0.5;БрАсканели;199;189,05;4;103;0,5;12;0,96;380
38856;Вино Пино Блан біл. н/сол. 0.75;Чизай Элит;29,3;27,84;4;103;0,75;12;1,3;381
40616;Горілка"Старий Житомир" 0,7;Житомирский ЛВЗ;63,1;59,95;4;103;0,7;12;1,17;382
38857;Вино Пино Нуар черв. н/сол. 0.75;Чизай Элит;28,9;27,46;4;103;0,75;12;1,3;384
21445;1,25 Біола "Смак апельсина";Биола ТМ;7,5;7,13;4;103;1;8;1,35;384
34791; К -як  Асканелі 4 річний 0.5;БрАсканели;177;168,15;4;103;0,5;12;0,96;385
33235;Всеградская с Перцем 0,5;Люботин;39,9;39,9;4;103;0,5;20;0,83;388
21693;1,0 Біола Яблучно-виноградний нектар;Биола сок ТМ;11,6;11,02;4;103;1;12;1,09;389
39943;К-як Кримський  Резерв 3*0,5;Таврия Премиум ТМ;68,9;65,46;4;103;0,5;12;1,05;393
21446;1,0 Біола Вишневий нектар;Биола сок ТМ;11,6;11,02;4;103;1;12;1,09;396
31608;Козацька Рада "Класична" 1,0л;Цельсий;94,99;90,24;4;103;1;12;1,7;402
41309;Вино ігр."Тріумфальне" черв. н/сол. 0.75;Магарач ТМ(шамп);49,9;47,41;4;103;0,75;6;1,45;409
40222;Водка Беларуская Гарэлка 0,1;Белорусия ТМ;12,9;12,26;4;103;0,1;50;0,25;410
20178;Мартіні  Асті  ігр. 0.75;Мартини Асти;194,5;184,78;4;103;0,75;12;1,25;412
40477;Шустрик Зі смаком яблука та ехінацеї 0,5;Шустрик ТМ;4,99;4,74;4;103;0,5;12;0,55;412
21531;Нап. б/а  Суниця з вершками 0.75;Тили-Тили ТМ;17,9;17,01;4;103;0,75;6;1,681;413
38858;Вино Трамінер біле дес. 0.75;Чизай Элит;43,6;41,42;4;103;0,75;12;1,25;420
41199;Оболонь Світле 0,5 модерн;Оболонь;7,99;7,59;4;103;0,5;20;0,87;420
41254;0,5 Біола Яблучно-виноградний нектар;Биола сок ТМ;7,5;7,13;4;103;0,5;12;0,55;427
21444;0,25 Біола яблучний сік;Биола сок ТМ;3,99;3,79;4;103;0,25;12;0,29;432
17874;Мартіні  Б’янко  0.75;Мартини ТМ;114,4;108,68;4;103;0,75;12;1,3;436
41240;1,25 Біола "Чамбо";Биола ТМ;7,5;7,13;4;103;1,25;8;1,35;437
41241;1,25 Біола "Смак ананаса";Биола ТМ;7,5;7,13;4;103;1,25;8;1,35;447
21507;0,5 Біола Мультивітамінний нектар;Биола сок ТМ;7,5;7,13;4;103;0,5;12;0,55;452
41310;Вино ігр. "Радянське"мускатн.рож.н/сол. 0.75;Магарач ТМ(шамп);49;46,55;4;103;0,75;6;1,45;460
41251;0,5 Біола Мангово-апельсиновий нектар;Биола сок ТМ;7,5;7,13;4;103;0,5;12;0,55;463
41149;С.В. Медофф  Класик 0.35;С.- Виктан;35,99;34,19;4;103;0,35;30;0,68;465
26645;К.  Георгієвський  3 зір. 0.5 Танк;Таврия Премиум ТМ;68,9;65,46;4;103;0,5;12;0,93;467
41253;0,5 Біола Яблучний сік;Биола сок ТМ;7,5;7,13;4;103;0,5;12;0,55;474
28437;Алазани 0,75 бел.п/сл;Старий Тбілісі ТМ;83;78,85;4;103;0,75;6;1,15;484
36921;Коньяк "Магарач" VSOP 0,5;Магарач ТМ(коньяк);88,9;84,46;4;103;0,5;12;0,9;498
40694;Алазанская долина красн н/сл 0,75;Тамада ТМ;104;98,8;4;103;0,75;6;1,25;499
29477;Козацька Рада "Класична" 0,5л;Цельсий;45,5;43,23;4;103;0,5;20;0,9;500
40904;К-як Укр.орд. 4* 0,5 Північний Крим;Крым ТМ;72,7;69,07;4;103;0,5;12;0,9;519
41249;0,25 Біола яблучно-виноградний нектар;Биола сок ТМ;3,99;3,79;4;103;0,25;12;0,29;525
28438;Алазани  0,75 красн.п/сл;Старий Тбілісі ТМ;83;78,85;4;103;0,75;6;1,15;538
32412;С/а Роял Груша 0,35;Роял Фрут ТМ;9,5;9,03;4;103;0,35;12;0,72;570
34704;С/а Сидр ябл Роял Фрут п/сл 0,33 бел. эт.;Роял Фрут ТМ;11,2;10,64;4;103;0,35;12;0,63;571
41239;1,0 Біола" Icy Cola";Биола ТМ;7,5;7,13;4;103;1;8;1,08;589
26775;Хлібний Дар  Класична 0.7 Люкс;Хлебный Дар;69;65,55;4;103;0,7;18;1,25;645
39560;К.  Георгієвський  3 зір. 0.2 фляга;Таврия Премиум ТМ;29,99;28,49;4;103;0,2;20;0,4;655
39938;Бренди Каховський Люкс 0,5;Таврия Премиум ТМ;59,3;59,01;4;103;0,5;12;0,9;655
39941;Бренди Каховський Класік 0,25;Таврия Премиум ТМ;31;29,51;4;103;0,25;15;0,49;675
32411;С/а Сидр ябл 0,35  Роял Фрут;Роял Фрут ТМ;8,99;8,54;4;103;0,35;12;0,72;679
26271;Нап. б/а  Персиковий пірат 0.75;Тили-Тили ТМ;17,9;17,01;4;103;0,75;6;1,681;703
31527;Козацька Рада "Класична" 0,25л;Цельсий;25,99;24,69;4;103;0,25;30;0,51;704
32413;С/а Роял Абрикос 0,35;Роял Фрут ТМ;9,5;9,03;4;103;0,35;12;1;708
40535;С/а Роял купажный Груша 0,33;Роял Фрут ТМ;9,5;9,03;4;103;0,33;12;0,65;729
23494;С.В. Медофф  Класик 0.2;С.- Виктан;19,99;18,99;4;103;0,2;30;0,43;730
33184;С/а Сидр ябл Роял Фрут п/сух 0,7;Роял Фрут ТМ;24,99;23,74;4;103;0,7;6;1,25;742
12761;Вода Моршинская с/газ 1,5л;Моршанск;9,4;8,93;4;103;1,5;6;1,6;750
41328;Шамп.Укр."Тріумфальне" бел брют 0.75;Магарач ТМ(шамп);49,9;47,41;4;103;0,75;6;1,45;771
22585;Шамп. Радянське  мускатне 0.75;Премиум Вин Шамп;33,9;33;4;103;0,75;12;1,647;782
37898;Горілка особа "Дикая утка Пущанская" 0,5;Дикая Утка ТМ;60,99;57,94;4;103;0,5;20;0,92;788
37895;Горілка "Дикая утка" 0,25;Дикая Утка ТМ;30,25;28,74;4;103;0,25;30;0,49;837
19919;Вино Кагор  Український  0.75 штоф;Премиум Вин;39;37,05;4;103;0,75;15;1,455;838
30572;Вино Тамянка  0.7 ( нов.);Чизай;21;20;4;103;0,7;12;1,23;873
6063;Мартіні  Б’янко  0.5;Мартини ТМ;81,4;77,33;4;103;0,5;24;0,883;902
33610;С/а Роял Пуншевий 0,7;Роял Фрут ТМ;24,99;23,74;4;103;0,7;6;1,33;951
38761;С/а Роял Клюква Пуншевый 0,33;Роял Фрут ТМ;9,5;9,03;4;103;0,33;12;0,65;970
32076;Портвейн Прим.  333  кр.1.0 т/п;Котовский ВЗ;23,03;21,88;4;103;1;15;1,05;979
21393;0,5 Біола "Лимонад";Биола ТМ;4,5;4,28;4;103;0,5;12;0,55;988
35689;Енерг.напій Playboy 0.250;Энергетик;7,99;7,59;4;103;0;24;0,275;1014
41174;Горілка Графа Воронцова 0,1л;Масандра (водка);12,5;11,88;4;103;0,1;60;0,22;1044
14959; К -як  Асканелі 3 річний 0.5;БрАсканели;159;151,05;4;103;0,5;12;0,96;1048
30686;Нап. б/а  Веселе ведмежатко 0,75;Тили-Тили ТМ;17,9;17,01;4;103;0,75;6;1,65;1058
19885;Мартіні  Б’янко  1.0;Мартини ТМ;144;136,8;4;103;1;12;1,53;1059
32239;С/а Сидр ябл Роял Фрут п/сл 0,7;Роял Фрут ТМ;24,99;23,74;4;103;0,75;6;1,12;1106
39940;Бренди Каховський Класік 0,5;Таврия Премиум ТМ;59,3;59,01;4;103;0,5;12;0,9;1171
37382;К-як Укр.орд. 5* 0,2 Північний Крим;Крым ТМ;35,5;33,73;4;103;0,2;30;0,4;1181
39561;К.  Георгієвський  5 зір. 0.2 фляга;Таврия Премиум ТМ;29,99;28,49;4;103;0,2;20;0,4;1217
41238;0,5 Біола "Чамбо";Биола ТМ;4,5;4,28;4;103;0,5;12;0,55;1239
41237;0,5 Біола "Ситро";Биола ТМ;4,5;4,28;4;103;0,5;12;0,55;1264
15286;С.В. Медофф  Класик 0.5;С.- Виктан;44,99;42,74;4;103;0,5;20;0,95;1275
26425;т/п Вино Кагор Український чер. дес.1.0;Тарутино (tetra);100;95;4;103;1;15;1,108;1282
32911;Настоянка"Перший рецепт" з ДЗ 0,5л;Традиции Качества ТМ;52,9;50,26;4;103;0,5;12;0,86;1321
21809;0,5 Біола "Смак ананаса";Биола ТМ;4,5;4,28;4;103;0,5;12;0,55;1355
33231;Всеградская Классика 0,5;Люботин;39,9;39,9;4;103;0,5;20;0,83;1464
19917;Вино Кагор  Український №5  дес. 0.7;Тарутинские Вина;35;33,25;4;103;0,7;12;1,274;1476
40844;Вино газоване Ізабелла руж Фраголіно черв сол 0,75;Премиум Вин Шамп;43,6;41,42;4;103;0,75;12;1,4;1797
40614;Горілка"Старий Житомир" 0,25;Житомирский ЛВЗ;22;20,9;4;103;0,25;30;0,45;1845
39436;Серенада Сон.Дол.орд.ст.н/сух.біле 0,75;Солн.Дол.Серенада ТМ;25,15;23,89;4;103;0,75;12;1,25;1853
39529;С/а Сидр купажний газований н/с Яблучний 0,75;Роял Фрут ТМ;18,2;17,29;4;103;0,75;6;1,33;1908
29095;Настоянка"Перший рецепт" з ДЗ 1л;Традиции Качества ТМ;99,9;94,91;4;103;1;6;1,955;2114
40946;К-як Укр.орд. 5* 0,1 Північний Крим;Крым ТМ;21,7;20,62;4;103;0,1;60;0,23;2114
37231;К-як Укр.орд. 5* 0,5 Північний Крим;Крым ТМ;82,6;78,47;4;103;0,5;12;0,87;2220
41329;Шамп.Укр."Тріумфальне" бел п/сл 0.75;Магарач ТМ(шамп);49,9;47,41;4;103;0,75;6;1,45;3397
27440;Коньяк "Магарач" 5* 0,5;Магарач ТМ(коньяк);86,7;82,37;4;103;0,5;12;0,9;3401
40615;Горілка"Старий Житомир"(гуала) 0,5;Житомирский ЛВЗ;46,33;44,01;4;103;0,5;20;0,79;3814
40828;Б/а Веселий сюрприз(вишня) 0,75;Маша и Медведь ТМ;21;19,95;4;103;0,75;6;1,35;4110
37875;Вино Кагор Український Штоф 0,7 Котовськ;Котовский ВЗ;27,9;26,51;4;103;0,7;15;1,3;4480
40598;Кокур н/сол. 0,75 корк. проб. (С);Массандра (Судак);45,9;43,61;4;103;0,75;12;1,25;4572
32372;Шамп. Украины Советское бел. п/сл 0,75;Измаил Шамп. ТМ;33;31,35;4;103;0,75;12;1,7;4711
40827;Б/а Яблочний каприз(яблоко) 0,75;Маша и Медведь ТМ;21;19,95;4;103;0,75;6;1,35;4815
27439;Коньяк "Магарач" 4* 0,5;Магарач ТМ(коньяк);77,4;73,53;4;103;0,5;12;0,9;4822
33375;Вино Кагор Український 0,7 Котовськ;Котовский ВЗ;22,5;21,38;4;103;0,7;15;1,2;6757
27438;Коньяк "Магарач" 3* 0,5;Магарач ТМ(коньяк);71,99;68,39;4;103;0,5;12;0,9;7398
27642;Вино Портвейн Алушта біл. 0.75 ( А );Массандра (Алушта);47,5;45,13;4;103;0,75;12;1,313;9414
28350;Вино Портвейн Алушта черв. 0.75 ( А );Массандра (Алушта);49,9;47,41;4;103;0,75;12;1,323;9927
40549;С/А XXL Vodka Energy Mix 0,25;Энергетик ХХL;9,99;9,49;4;103;0,25;24;0,275;10010
40903;К-як Укр.орд. 3* 0,5 Північний Крим;Крым ТМ;67,9;64,51;4;103;0,5;12;0,9;20807
37229;К-як Укр.орд. 3* 0,2 Північний Крим;Крым ТМ;29;27,55;4;103;0,2;30;0,4;26939
33947;Вищий сорт люкс 0,1л;Высший сорт ТМ;10,3;9,79;4;103;0,1;80;0,24;28260
39474;К-як Укр.орд. 3* 0,1 Північний Крим;Крым ТМ;18,7;17,77;4;103;0,1;60;0,235;43347
